,name,height,mass,hair_color,skin_color,eye_color,birth_year,gender,homeworld,films,species
0,Ackbar,180,83,none,brown mottle,orange,41BBY,male,"{'name': 'Mon Cala', 'rotation_period': '21', 'orbital_period': '398', 'diameter': '11030', 'climate': 'temperate', 'gravity': '1', 'terrain': 'oceans, reefs, islands', 'surface_water': '100', 'population': '27000000000'}","[{'title': 'Return of the Jedi', 'episode_id': 6, 'opening_crawl': 'Luke Skywalker has returned to\r\nhis home planet of Tatooine in\r\nan attempt to rescue his\r\nfriend Han Solo from the\r\nclutches of the vile gangster\r\nJabba the Hutt.\r\n\r\nLittle does Luke know that the\r\nGALACTIC EMPIRE has secretly\r\nbegun construction on a new\r\narmored space station even\r\nmore powerful than the first\r\ndreaded Death Star.\r\n\r\nWhen completed, this ultimate\r\nweapon will spell certain doom\r\nfor the small band of rebels\r\nstruggling to restore freedom\r\nto the galaxy...', 'director': 'Richard Marquand', 'producer': 'Howard G. Kazanjian, George Lucas, Rick McCallum', 'release_date': '1983-05-25'}, {'title': 'The Force Awakens', 'episode_id': 7, 'opening_crawl': ""Luke Skywalker has vanished.\r\nIn his absence, the sinister\r\nFIRST ORDER has risen from\r\nthe ashes of the Empire\r\nand will not rest until\r\nSkywalker, the last Jedi,\r\nhas been destroyed.\r\n \r\nWith the support of the\r\nREPUBLIC, General Leia Organa\r\nleads a brave RESISTANCE.\r\nShe is desperate to find her\r\nbrother Luke and gain his\r\nhelp in restoring peace and\r\njustice to the galaxy.\r\n \r\nLeia has sent her most daring\r\npilot on a secret mission\r\nto Jakku, where an old ally\r\nhas discovered a clue to\r\nLuke's whereabouts...."", 'director': 'J. J. Abrams', 'producer': 'Kathleen Kennedy, J. J. Abrams, Bryan Burk', 'release_date': '2015-12-11'}]","{'name': 'Mon Calamari', 'classification': 'amphibian', 'designation': 'sentient', 'average_height': '160', 'skin_colors': 'red, blue, brown, magenta', 'hair_colors': 'none', 'eye_colors': 'yellow', 'average_lifespan': 'unknown', 'language': 'Mon Calamarian'}"
1,Adi Gallia,184,50,none,dark,blue,unknown,female,"{'name': 'Coruscant', 'rotation_period': '24', 'orbital_period': '368', 'diameter': '12240', 'climate': 'temperate', 'gravity': '1 standard', 'terrain': 'cityscape, mountains', 'surface_water': 'unknown', 'population': '1000000000000'}","[{'title': 'The Phantom Menace', 'episode_id': 1, 'opening_crawl': 'Turmoil has engulfed the\r\nGalactic Republic. The taxation\r\nof trade routes to outlying star\r\nsystems is in dispute.\r\n\r\nHoping to resolve the matter\r\nwith a blockade of deadly\r\nbattleships, the greedy Trade\r\nFederation has stopped all\r\nshipping to the small planet\r\nof Naboo.\r\n\r\nWhile the Congress of the\r\nRepublic endlessly debates\r\nthis alarming chain of events,\r\nthe Supreme Chancellor has\r\nsecretly dispatched two Jedi\r\nKnights, the guardians of\r\npeace and justice in the\r\ngalaxy, to settle the conflict....', 'director': 'George Lucas', 'producer': 'Rick McCallum', 'release_date': '1999-05-19'}, {'title': 'Revenge of the Sith', 'episode_id': 3, 'opening_crawl': 'War! The Republic is crumbling\r\nunder attacks by the ruthless\r\nSith Lord, Count Dooku.\r\nThere are heroes on both sides.\r\nEvil is everywhere.\r\n\r\nIn a stunning move, the\r\nfiendish droid leader, General\r\nGrievous, has swept into the\r\nRepublic capital and kidnapped\r\nChancellor Palpatine, leader of\r\nthe Galactic Senate.\r\n\r\nAs the Separatist Droid Army\r\nattempts to flee the besieged\r\ncapital with their valuable\r\nhostage, two Jedi Knights lead a\r\ndesperate mission to rescue the\r\ncaptive Chancellor....', 'director': 'George Lucas', 'producer': 'Rick McCallum', 'release_date': '2005-05-19'}]","{'name': 'Tholothian', 'classification': 'mammal', 'designation': 'sentient', 'average_height': 'unknown', 'skin_colors': 'dark', 'hair_colors': 'unknown', 'eye_colors': 'blue, indigo', 'average_lifespan': 'unknown', 'language': 'unknown'}"
2,Anakin Skywalker,188,84,blond,fair,blue,41.9BBY,male,"{'name': 'Tatooine', 'rotation_period': '23', 'orbital_period': '304', 'diameter': '10465', 'climate': 'arid', 'gravity': '1 standard', 'terrain': 'desert', 'surface_water': '1', 'population': '200000'}","[{'title': 'Attack of the Clones', 'episode_id': 2, 'opening_crawl': 'There is unrest in the Galactic\r\nSenate. Several thousand solar\r\nsystems have declared their\r\nintentions to leave the Republic.\r\n\r\nThis separatist movement,\r\nunder the leadership of the\r\nmysterious Count Dooku, has\r\nmade it difficult for the limited\r\nnumber of Jedi Knights to maintain \r\npeace and order in the galaxy.\r\n\r\nSenator Amidala, the former\r\nQueen of Naboo, is returning\r\nto the Galactic Senate to vote\r\non the critical issue of creating\r\nan ARMY OF THE REPUBLIC\r\nto assist the overwhelmed\r\nJedi....', 'director': 'George Lucas', 'producer': 'Rick McCallum', 'release_date': '2002-05-16'}, {'title': 'The Phantom Menace', 'episode_id': 1, 'opening_crawl': 'Turmoil has engulfed the\r\nGalactic Republic. The taxation\r\nof trade routes to outlying star\r\nsystems is in dispute.\r\n\r\nHoping to resolve the matter\r\nwith a blockade of deadly\r\nbattleships, the greedy Trade\r\nFederation has stopped all\r\nshipping to the small planet\r\nof Naboo.\r\n\r\nWhile the Congress of the\r\nRepublic endlessly debates\r\nthis alarming chain of events,\r\nthe Supreme Chancellor has\r\nsecretly dispatched two Jedi\r\nKnights, the guardians of\r\npeace and justice in the\r\ngalaxy, to settle the conflict....', 'director': 'George Lucas', 'producer': 'Rick McCallum', 'release_date': '1999-05-19'}, {'title': 'Revenge of the Sith', 'episode_id': 3, 'opening_crawl': 'War! The Republic is crumbling\r\nunder attacks by the ruthless\r\nSith Lord, Count Dooku.\r\nThere are heroes on both sides.\r\nEvil is everywhere.\r\n\r\nIn a stunning move, the\r\nfiendish droid leader, General\r\nGrievous, has swept into the\r\nRepublic capital and kidnapped\r\nChancellor Palpatine, leader of\r\nthe Galactic Senate.\r\n\r\nAs the Separatist Droid Army\r\nattempts to flee the besieged\r\ncapital with their valuable\r\nhostage, two Jedi Knights lead a\r\ndesperate mission to rescue the\r\ncaptive Chancellor....', 'director': 'George Lucas', 'producer': 'Rick McCallum', 'release_date': '2005-05-19'}]","{'name': 'Human', 'classification': 'mammal', 'designation': 'sentient', 'average_height': '180', 'skin_colors': 'caucasian, black, asian, hispanic', 'hair_colors': 'blonde, brown, black, red', 'eye_colors': 'brown, blue, green, hazel, grey, amber', 'average_lifespan': '120', 'language': 'Galactic Basic'}"
3,Arvel Crynyd,unknown,unknown,brown,fair,brown,unknown,male,"{'name': 'unknown', 'rotation_period': '0', 'orbital_period': '0', 'diameter': '0', 'climate': 'unknown', 'gravity': 'unknown', 'terrain': 'unknown', 'surface_water': 'unknown', 'population': 'unknown'}","[{'title': 'Return of the Jedi', 'episode_id': 6, 'opening_crawl': 'Luke Skywalker has returned to\r\nhis home planet of Tatooine in\r\nan attempt to rescue his\r\nfriend Han Solo from the\r\nclutches of the vile gangster\r\nJabba the Hutt.\r\n\r\nLittle does Luke know that the\r\nGALACTIC EMPIRE has secretly\r\nbegun construction on a new\r\narmored space station even\r\nmore powerful than the first\r\ndreaded Death Star.\r\n\r\nWhen completed, this ultimate\r\nweapon will spell certain doom\r\nfor the small band of rebels\r\nstruggling to restore freedom\r\nto the galaxy...', 'director': 'Richard Marquand', 'producer': 'Howard G. Kazanjian, George Lucas, Rick McCallum', 'release_date': '1983-05-25'}]","{'name': 'Human', 'classification': 'mammal', 'designation': 'sentient', 'average_height': '180', 'skin_colors': 'caucasian, black, asian, hispanic', 'hair_colors': 'blonde, brown, black, red', 'eye_colors': 'brown, blue, green, hazel, grey, amber', 'average_lifespan': '120', 'language': 'Galactic Basic'}"
4,Ayla Secura,178,55,none,blue,hazel,48BBY,female,"{'name': 'Ryloth', 'rotation_period': '30', 'orbital_period': '305', 'diameter': '10600', 'climate': 'temperate, arid, subartic', 'gravity': '1', 'terrain': 'mountains, valleys, deserts, tundra', 'surface_water': '5', 'population': '1500000000'}","[{'title': 'Attack of the Clones', 'episode_id': 2, 'opening_crawl': 'There is unrest in the Galactic\r\nSenate. Several thousand solar\r\nsystems have declared their\r\nintentions to leave the Republic.\r\n\r\nThis separatist movement,\r\nunder the leadership of the\r\nmysterious Count Dooku, has\r\nmade it difficult for the limited\r\nnumber of Jedi Knights to maintain \r\npeace and order in the galaxy.\r\n\r\nSenator Amidala, the former\r\nQueen of Naboo, is returning\r\nto the Galactic Senate to vote\r\non the critical issue of creating\r\nan ARMY OF THE REPUBLIC\r\nto assist the overwhelmed\r\nJedi....', 'director': 'George Lucas', 'producer': 'Rick McCallum', 'release_date': '2002-05-16'}, {'title': 'The Phantom Menace', 'episode_id': 1, 'opening_crawl': 'Turmoil has engulfed the\r\nGalactic Republic. The taxation\r\nof trade routes to outlying star\r\nsystems is in dispute.\r\n\r\nHoping to resolve the matter\r\nwith a blockade of deadly\r\nbattleships, the greedy Trade\r\nFederation has stopped all\r\nshipping to the small planet\r\nof Naboo.\r\n\r\nWhile the Congress of the\r\nRepublic endlessly debates\r\nthis alarming chain of events,\r\nthe Supreme Chancellor has\r\nsecretly dispatched two Jedi\r\nKnights, the guardians of\r\npeace and justice in the\r\ngalaxy, to settle the conflict....', 'director': 'George Lucas', 'producer': 'Rick McCallum', 'release_date': '1999-05-19'}, {'title': 'Revenge of the Sith', 'episode_id': 3, 'opening_crawl': 'War! The Republic is crumbling\r\nunder attacks by the ruthless\r\nSith Lord, Count Dooku.\r\nThere are heroes on both sides.\r\nEvil is everywhere.\r\n\r\nIn a stunning move, the\r\nfiendish droid leader, General\r\nGrievous, has swept into the\r\nRepublic capital and kidnapped\r\nChancellor Palpatine, leader of\r\nthe Galactic Senate.\r\n\r\nAs the Separatist Droid Army\r\nattempts to flee the besieged\r\ncapital with their valuable\r\nhostage, two Jedi Knights lead a\r\ndesperate mission to rescue the\r\ncaptive Chancellor....', 'director': 'George Lucas', 'producer': 'Rick McCallum', 'release_date': '2005-05-19'}]","{'name': ""Twi'lek"", 'classification': 'mammals', 'designation': 'sentient', 'average_height': '200', 'skin_colors': 'orange, yellow, blue, green, pink, purple, tan', 'hair_colors': 'none', 'eye_colors': 'blue, brown, orange, pink', 'average_lifespan': 'unknown', 'language': ""Twi'leki""}"
5,Bail Prestor Organa,191,unknown,black,tan,brown,67BBY,male,"{'name': 'Alderaan', 'rotation_period': '24', 'orbital_period': '364', 'diameter': '12500', 'climate': 'temperate', 'gravity': '1 standard', 'terrain': 'grasslands, mountains', 'surface_water': '40', 'population': '2000000000'}","[{'title': 'Attack of the Clones', 'episode_id': 2, 'opening_crawl': 'There is unrest in the Galactic\r\nSenate. Several thousand solar\r\nsystems have declared their\r\nintentions to leave the Republic.\r\n\r\nThis separatist movement,\r\nunder the leadership of the\r\nmysterious Count Dooku, has\r\nmade it difficult for the limited\r\nnumber of Jedi Knights to maintain \r\npeace and order in the galaxy.\r\n\r\nSenator Amidala, the former\r\nQueen of Naboo, is returning\r\nto the Galactic Senate to vote\r\non the critical issue of creating\r\nan ARMY OF THE REPUBLIC\r\nto assist the overwhelmed\r\nJedi....', 'director': 'George Lucas', 'producer': 'Rick McCallum', 'release_date': '2002-05-16'}, {'title': 'Revenge of the Sith', 'episode_id': 3, 'opening_crawl': 'War! The Republic is crumbling\r\nunder attacks by the ruthless\r\nSith Lord, Count Dooku.\r\nThere are heroes on both sides.\r\nEvil is everywhere.\r\n\r\nIn a stunning move, the\r\nfiendish droid leader, General\r\nGrievous, has swept into the\r\nRepublic capital and kidnapped\r\nChancellor Palpatine, leader of\r\nthe Galactic Senate.\r\n\r\nAs the Separatist Droid Army\r\nattempts to flee the besieged\r\ncapital with their valuable\r\nhostage, two Jedi Knights lead a\r\ndesperate mission to rescue the\r\ncaptive Chancellor....', 'director': 'George Lucas', 'producer': 'Rick McCallum', 'release_date': '2005-05-19'}]","{'name': 'Human', 'classification': 'mammal', 'designation': 'sentient', 'average_height': '180', 'skin_colors': 'caucasian, black, asian, hispanic', 'hair_colors': 'blonde, brown, black, red', 'eye_colors': 'brown, blue, green, hazel, grey, amber', 'average_lifespan': '120', 'language': 'Galactic Basic'}"
6,Barriss Offee,166,50,black,yellow,blue,40BBY,female,"{'name': 'Mirial', 'rotation_period': 'unknown', 'orbital_period': 'unknown', 'diameter': 'unknown', 'climate': 'unknown', 'gravity': 'unknown', 'terrain': 'deserts', 'surface_water': 'unknown', 'population': 'unknown'}","[{'title': 'Attack of the Clones', 'episode_id': 2, 'opening_crawl': 'There is unrest in the Galactic\r\nSenate. Several thousand solar\r\nsystems have declared their\r\nintentions to leave the Republic.\r\n\r\nThis separatist movement,\r\nunder the leadership of the\r\nmysterious Count Dooku, has\r\nmade it difficult for the limited\r\nnumber of Jedi Knights to maintain \r\npeace and order in the galaxy.\r\n\r\nSenator Amidala, the former\r\nQueen of Naboo, is returning\r\nto the Galactic Senate to vote\r\non the critical issue of creating\r\nan ARMY OF THE REPUBLIC\r\nto assist the overwhelmed\r\nJedi....', 'director': 'George Lucas', 'producer': 'Rick McCallum', 'release_date': '2002-05-16'}]","{'name': 'Mirialan', 'classification': 'mammal', 'designation': 'sentient', 'average_height': '180', 'skin_colors': 'yellow, green', 'hair_colors': 'black, brown', 'eye_colors': 'blue, green, red, yellow, brown, orange', 'average_lifespan': 'unknown', 'language': 'Mirialan'}"
7,BB8,unknown,unknown,none,none,black,unknown,none,"{'name': 'unknown', 'rotation_period': '0', 'orbital_period': '0', 'diameter': '0', 'climate': 'unknown', 'gravity': 'unknown', 'terrain': 'unknown', 'surface_water': 'unknown', 'population': 'unknown'}","[{'title': 'The Force Awakens', 'episode_id': 7, 'opening_crawl': ""Luke Skywalker has vanished.\r\nIn his absence, the sinister\r\nFIRST ORDER has risen from\r\nthe ashes of the Empire\r\nand will not rest until\r\nSkywalker, the last Jedi,\r\nhas been destroyed.\r\n \r\nWith the support of the\r\nREPUBLIC, General Leia Organa\r\nleads a brave RESISTANCE.\r\nShe is desperate to find her\r\nbrother Luke and gain his\r\nhelp in restoring peace and\r\njustice to the galaxy.\r\n \r\nLeia has sent her most daring\r\npilot on a secret mission\r\nto Jakku, where an old ally\r\nhas discovered a clue to\r\nLuke's whereabouts...."", 'director': 'J. J. Abrams', 'producer': 'Kathleen Kennedy, J. J. Abrams, Bryan Burk', 'release_date': '2015-12-11'}]","{'name': 'Droid', 'classification': 'artificial', 'designation': 'sentient', 'average_height': 'n/a', 'skin_colors': 'n/a', 'hair_colors': 'n/a', 'eye_colors': 'n/a', 'average_lifespan': 'indefinite', 'language': 'n/a'}"
8,Ben Quadinaros,163,65,none,"grey, green, yellow",orange,unknown,male,"{'name': 'Tund', 'rotation_period': '48', 'orbital_period': '1770', 'diameter': '12190', 'climate': 'unknown', 'gravity': 'unknown', 'terrain': 'barren, ash', 'surface_water': 'unknown', 'population': '0'}","[{'title': 'The Phantom Menace', 'episode_id': 1, 'opening_crawl': 'Turmoil has engulfed the\r\nGalactic Republic. The taxation\r\nof trade routes to outlying star\r\nsystems is in dispute.\r\n\r\nHoping to resolve the matter\r\nwith a blockade of deadly\r\nbattleships, the greedy Trade\r\nFederation has stopped all\r\nshipping to the small planet\r\nof Naboo.\r\n\r\nWhile the Congress of the\r\nRepublic endlessly debates\r\nthis alarming chain of events,\r\nthe Supreme Chancellor has\r\nsecretly dispatched two Jedi\r\nKnights, the guardians of\r\npeace and justice in the\r\ngalaxy, to settle the conflict....', 'director': 'George Lucas', 'producer': 'Rick McCallum', 'release_date': '1999-05-19'}]","{'name': 'Toong', 'classification': 'unknown', 'designation': 'sentient', 'average_height': '200', 'skin_colors': 'grey, green, yellow', 'hair_colors': 'none', 'eye_colors': 'orange', 'average_lifespan': 'unknown', 'language': 'Tundan'}"
9,Beru Whitesun lars,165,75,brown,light,blue,47BBY,female,"{'name': 'Tatooine', 'rotation_period': '23', 'orbital_period': '304', 'diameter': '10465', 'climate': 'arid', 'gravity': '1 standard', 'terrain': 'desert', 'surface_water': '1', 'population': '200000'}","[{'title': 'Attack of the Clones', 'episode_id': 2, 'opening_crawl': 'There is unrest in the Galactic\r\nSenate. Several thousand solar\r\nsystems have declared their\r\nintentions to leave the Republic.\r\n\r\nThis separatist movement,\r\nunder the leadership of the\r\nmysterious Count Dooku, has\r\nmade it difficult for the limited\r\nnumber of Jedi Knights to maintain \r\npeace and order in the galaxy.\r\n\r\nSenator Amidala, the former\r\nQueen of Naboo, is returning\r\nto the Galactic Senate to vote\r\non the critical issue of creating\r\nan ARMY OF THE REPUBLIC\r\nto assist the overwhelmed\r\nJedi....', 'director': 'George Lucas', 'producer': 'Rick McCallum', 'release_date': '2002-05-16'}, {'title': 'Revenge of the Sith', 'episode_id': 3, 'opening_crawl': 'War! The Republic is crumbling\r\nunder attacks by the ruthless\r\nSith Lord, Count Dooku.\r\nThere are heroes on both sides.\r\nEvil is everywhere.\r\n\r\nIn a stunning move, the\r\nfiendish droid leader, General\r\nGrievous, has swept into the\r\nRepublic capital and kidnapped\r\nChancellor Palpatine, leader of\r\nthe Galactic Senate.\r\n\r\nAs the Separatist Droid Army\r\nattempts to flee the besieged\r\ncapital with their valuable\r\nhostage, two Jedi Knights lead a\r\ndesperate mission to rescue the\r\ncaptive Chancellor....', 'director': 'George Lucas', 'producer': 'Rick McCallum', 'release_date': '2005-05-19'}, {'title': 'A New Hope', 'episode_id': 4, 'opening_crawl': ""It is a period of civil war.\r\nRebel spaceships, striking\r\nfrom a hidden base, have won\r\ntheir first victory against\r\nthe evil Galactic Empire.\r\n\r\nDuring the battle, Rebel\r\nspies managed to steal secret\r\nplans to the Empire's\r\nultimate weapon, the DEATH\r\nSTAR, an armored space\r\nstation with enough power\r\nto destroy an entire planet.\r\n\r\nPursued by the Empire's\r\nsinister agents, Princess\r\nLeia races home aboard her\r\nstarship, custodian of the\r\nstolen plans that can save her\r\npeople and restore\r\nfreedom to the galaxy...."", 'director': 'George Lucas', 'producer': 'Gary Kurtz, Rick McCallum', 'release_date': '1977-05-25'}]","{'name': 'Human', 'classification': 'mammal', 'designation': 'sentient', 'average_height': '180', 'skin_colors': 'caucasian, black, asian, hispanic', 'hair_colors': 'blonde, brown, black, red', 'eye_colors': 'brown, blue, green, hazel, grey, amber', 'average_lifespan': '120', 'language': 'Galactic Basic'}"
10,Bib Fortuna,180,unknown,none,pale,pink,unknown,male,"{'name': 'Ryloth', 'rotation_period': '30', 'orbital_period': '305', 'diameter': '10600', 'climate': 'temperate, arid, subartic', 'gravity': '1', 'terrain': 'mountains, valleys, deserts, tundra', 'surface_water': '5', 'population': '1500000000'}","[{'title': 'Return of the Jedi', 'episode_id': 6, 'opening_crawl': 'Luke Skywalker has returned to\r\nhis home planet of Tatooine in\r\nan attempt to rescue his\r\nfriend Han Solo from the\r\nclutches of the vile gangster\r\nJabba the Hutt.\r\n\r\nLittle does Luke know that the\r\nGALACTIC EMPIRE has secretly\r\nbegun construction on a new\r\narmored space station even\r\nmore powerful than the first\r\ndreaded Death Star.\r\n\r\nWhen completed, this ultimate\r\nweapon will spell certain doom\r\nfor the small band of rebels\r\nstruggling to restore freedom\r\nto the galaxy...', 'director': 'Richard Marquand', 'producer': 'Howard G. Kazanjian, George Lucas, Rick McCallum', 'release_date': '1983-05-25'}]","{'name': ""Twi'lek"", 'classification': 'mammals', 'designation': 'sentient', 'average_height': '200', 'skin_colors': 'orange, yellow, blue, green, pink, purple, tan', 'hair_colors': 'none', 'eye_colors': 'blue, brown, orange, pink', 'average_lifespan': 'unknown', 'language': ""Twi'leki""}"
11,Biggs Darklighter,183,84,black,light,brown,24BBY,male,"{'name': 'Tatooine', 'rotation_period': '23', 'orbital_period': '304', 'diameter': '10465', 'climate': 'arid', 'gravity': '1 standard', 'terrain': 'desert', 'surface_water': '1', 'population': '200000'}","[{'title': 'A New Hope', 'episode_id': 4, 'opening_crawl': ""It is a period of civil war.\r\nRebel spaceships, striking\r\nfrom a hidden base, have won\r\ntheir first victory against\r\nthe evil Galactic Empire.\r\n\r\nDuring the battle, Rebel\r\nspies managed to steal secret\r\nplans to the Empire's\r\nultimate weapon, the DEATH\r\nSTAR, an armored space\r\nstation with enough power\r\nto destroy an entire planet.\r\n\r\nPursued by the Empire's\r\nsinister agents, Princess\r\nLeia races home aboard her\r\nstarship, custodian of the\r\nstolen plans that can save her\r\npeople and restore\r\nfreedom to the galaxy...."", 'director': 'George Lucas', 'producer': 'Gary Kurtz, Rick McCallum', 'release_date': '1977-05-25'}]","{'name': 'Human', 'classification': 'mammal', 'designation': 'sentient', 'average_height': '180', 'skin_colors': 'caucasian, black, asian, hispanic', 'hair_colors': 'blonde, brown, black, red', 'eye_colors': 'brown, blue, green, hazel, grey, amber', 'average_lifespan': '120', 'language': 'Galactic Basic'}"
12,Boba Fett,183,78.2,black,fair,brown,31.5BBY,male,"{'name': 'Kamino', 'rotation_period': '27', 'orbital_period': '463', 'diameter': '19720', 'climate': 'temperate', 'gravity': '1 standard', 'terrain': 'ocean', 'surface_water': '100', 'population': '1000000000'}","[{'title': 'The Empire Strikes Back', 'episode_id': 5, 'opening_crawl': 'It is a dark time for the\r\nRebellion. Although the Death\r\nStar has been destroyed,\r\nImperial troops have driven the\r\nRebel forces from their hidden\r\nbase and pursued them across\r\nthe galaxy.\r\n\r\nEvading the dreaded Imperial\r\nStarfleet, a group of freedom\r\nfighters led by Luke Skywalker\r\nhas established a new secret\r\nbase on the remote ice world\r\nof Hoth.\r\n\r\nThe evil lord Darth Vader,\r\nobsessed with finding young\r\nSkywalker, has dispatched\r\nthousands of remote probes into\r\nthe far reaches of space....', 'director': 'Irvin Kershner', 'producer': 'Gary Kurtz, Rick McCallum', 'release_date': '1980-05-17'}, {'title': 'Attack of the Clones', 'episode_id': 2, 'opening_crawl': 'There is unrest in the Galactic\r\nSenate. Several thousand solar\r\nsystems have declared their\r\nintentions to leave the Republic.\r\n\r\nThis separatist movement,\r\nunder the leadership of the\r\nmysterious Count Dooku, has\r\nmade it difficult for the limited\r\nnumber of Jedi Knights to maintain \r\npeace and order in the galaxy.\r\n\r\nSenator Amidala, the former\r\nQueen of Naboo, is returning\r\nto the Galactic Senate to vote\r\non the critical issue of creating\r\nan ARMY OF THE REPUBLIC\r\nto assist the overwhelmed\r\nJedi....', 'director': 'George Lucas', 'producer': 'Rick McCallum', 'release_date': '2002-05-16'}, {'title': 'Return of the Jedi', 'episode_id': 6, 'opening_crawl': 'Luke Skywalker has returned to\r\nhis home planet of Tatooine in\r\nan attempt to rescue his\r\nfriend Han Solo from the\r\nclutches of the vile gangster\r\nJabba the Hutt.\r\n\r\nLittle does Luke know that the\r\nGALACTIC EMPIRE has secretly\r\nbegun construction on a new\r\narmored space station even\r\nmore powerful than the first\r\ndreaded Death Star.\r\n\r\nWhen completed, this ultimate\r\nweapon will spell certain doom\r\nfor the small band of rebels\r\nstruggling to restore freedom\r\nto the galaxy...', 'director': 'Richard Marquand', 'producer': 'Howard G. Kazanjian, George Lucas, Rick McCallum', 'release_date': '1983-05-25'}]","{'name': 'Human', 'classification': 'mammal', 'designation': 'sentient', 'average_height': '180', 'skin_colors': 'caucasian, black, asian, hispanic', 'hair_colors': 'blonde, brown, black, red', 'eye_colors': 'brown, blue, green, hazel, grey, amber', 'average_lifespan': '120', 'language': 'Galactic Basic'}"
13,Bossk,190,113,none,green,red,53BBY,male,"{'name': 'Trandosha', 'rotation_period': '25', 'orbital_period': '371', 'diameter': '0', 'climate': 'arid', 'gravity': '0.62 standard', 'terrain': 'mountains, seas, grasslands, deserts', 'surface_water': 'unknown', 'population': '42000000'}","[{'title': 'The Empire Strikes Back', 'episode_id': 5, 'opening_crawl': 'It is a dark time for the\r\nRebellion. Although the Death\r\nStar has been destroyed,\r\nImperial troops have driven the\r\nRebel forces from their hidden\r\nbase and pursued them across\r\nthe galaxy.\r\n\r\nEvading the dreaded Imperial\r\nStarfleet, a group of freedom\r\nfighters led by Luke Skywalker\r\nhas established a new secret\r\nbase on the remote ice world\r\nof Hoth.\r\n\r\nThe evil lord Darth Vader,\r\nobsessed with finding young\r\nSkywalker, has dispatched\r\nthousands of remote probes into\r\nthe far reaches of space....', 'director': 'Irvin Kershner', 'producer': 'Gary Kurtz, Rick McCallum', 'release_date': '1980-05-17'}]","{'name': 'Trandoshan', 'classification': 'reptile', 'designation': 'sentient', 'average_height': '200', 'skin_colors': 'brown, green', 'hair_colors': 'none', 'eye_colors': 'yellow, orange', 'average_lifespan': 'unknown', 'language': 'Dosh'}"
14,C-3PO,167,75,n/a,gold,yellow,112BBY,n/a,"{'name': 'Tatooine', 'rotation_period': '23', 'orbital_period': '304', 'diameter': '10465', 'climate': 'arid', 'gravity': '1 standard', 'terrain': 'desert', 'surface_water': '1', 'population': '200000'}","[{'title': 'The Empire Strikes Back', 'episode_id': 5, 'opening_crawl': 'It is a dark time for the\r\nRebellion. Although the Death\r\nStar has been destroyed,\r\nImperial troops have driven the\r\nRebel forces from their hidden\r\nbase and pursued them across\r\nthe galaxy.\r\n\r\nEvading the dreaded Imperial\r\nStarfleet, a group of freedom\r\nfighters led by Luke Skywalker\r\nhas established a new secret\r\nbase on the remote ice world\r\nof Hoth.\r\n\r\nThe evil lord Darth Vader,\r\nobsessed with finding young\r\nSkywalker, has dispatched\r\nthousands of remote probes into\r\nthe far reaches of space....', 'director': 'Irvin Kershner', 'producer': 'Gary Kurtz, Rick McCallum', 'release_date': '1980-05-17'}, {'title': 'Attack of the Clones', 'episode_id': 2, 'opening_crawl': 'There is unrest in the Galactic\r\nSenate. Several thousand solar\r\nsystems have declared their\r\nintentions to leave the Republic.\r\n\r\nThis separatist movement,\r\nunder the leadership of the\r\nmysterious Count Dooku, has\r\nmade it difficult for the limited\r\nnumber of Jedi Knights to maintain \r\npeace and order in the galaxy.\r\n\r\nSenator Amidala, the former\r\nQueen of Naboo, is returning\r\nto the Galactic Senate to vote\r\non the critical issue of creating\r\nan ARMY OF THE REPUBLIC\r\nto assist the overwhelmed\r\nJedi....', 'director': 'George Lucas', 'producer': 'Rick McCallum', 'release_date': '2002-05-16'}, {'title': 'The Phantom Menace', 'episode_id': 1, 'opening_crawl': 'Turmoil has engulfed the\r\nGalactic Republic. The taxation\r\nof trade routes to outlying star\r\nsystems is in dispute.\r\n\r\nHoping to resolve the matter\r\nwith a blockade of deadly\r\nbattleships, the greedy Trade\r\nFederation has stopped all\r\nshipping to the small planet\r\nof Naboo.\r\n\r\nWhile the Congress of the\r\nRepublic endlessly debates\r\nthis alarming chain of events,\r\nthe Supreme Chancellor has\r\nsecretly dispatched two Jedi\r\nKnights, the guardians of\r\npeace and justice in the\r\ngalaxy, to settle the conflict....', 'director': 'George Lucas', 'producer': 'Rick McCallum', 'release_date': '1999-05-19'}, {'title': 'Revenge of the Sith', 'episode_id': 3, 'opening_crawl': 'War! The Republic is crumbling\r\nunder attacks by the ruthless\r\nSith Lord, Count Dooku.\r\nThere are heroes on both sides.\r\nEvil is everywhere.\r\n\r\nIn a stunning move, the\r\nfiendish droid leader, General\r\nGrievous, has swept into the\r\nRepublic capital and kidnapped\r\nChancellor Palpatine, leader of\r\nthe Galactic Senate.\r\n\r\nAs the Separatist Droid Army\r\nattempts to flee the besieged\r\ncapital with their valuable\r\nhostage, two Jedi Knights lead a\r\ndesperate mission to rescue the\r\ncaptive Chancellor....', 'director': 'George Lucas', 'producer': 'Rick McCallum', 'release_date': '2005-05-19'}, {'title': 'Return of the Jedi', 'episode_id': 6, 'opening_crawl': 'Luke Skywalker has returned to\r\nhis home planet of Tatooine in\r\nan attempt to rescue his\r\nfriend Han Solo from the\r\nclutches of the vile gangster\r\nJabba the Hutt.\r\n\r\nLittle does Luke know that the\r\nGALACTIC EMPIRE has secretly\r\nbegun construction on a new\r\narmored space station even\r\nmore powerful than the first\r\ndreaded Death Star.\r\n\r\nWhen completed, this ultimate\r\nweapon will spell certain doom\r\nfor the small band of rebels\r\nstruggling to restore freedom\r\nto the galaxy...', 'director': 'Richard Marquand', 'producer': 'Howard G. Kazanjian, George Lucas, Rick McCallum', 'release_date': '1983-05-25'}, {'title': 'A New Hope', 'episode_id': 4, 'opening_crawl': ""It is a period of civil war.\r\nRebel spaceships, striking\r\nfrom a hidden base, have won\r\ntheir first victory against\r\nthe evil Galactic Empire.\r\n\r\nDuring the battle, Rebel\r\nspies managed to steal secret\r\nplans to the Empire's\r\nultimate weapon, the DEATH\r\nSTAR, an armored space\r\nstation with enough power\r\nto destroy an entire planet.\r\n\r\nPursued by the Empire's\r\nsinister agents, Princess\r\nLeia races home aboard her\r\nstarship, custodian of the\r\nstolen plans that can save her\r\npeople and restore\r\nfreedom to the galaxy...."", 'director': 'George Lucas', 'producer': 'Gary Kurtz, Rick McCallum', 'release_date': '1977-05-25'}]","{'name': 'Droid', 'classification': 'artificial', 'designation': 'sentient', 'average_height': 'n/a', 'skin_colors': 'n/a', 'hair_colors': 'n/a', 'eye_colors': 'n/a', 'average_lifespan': 'indefinite', 'language': 'n/a'}"
15,Captain Phasma,unknown,unknown,unknown,unknown,unknown,unknown,female,"{'name': 'unknown', 'rotation_period': '0', 'orbital_period': '0', 'diameter': '0', 'climate': 'unknown', 'gravity': 'unknown', 'terrain': 'unknown', 'surface_water': 'unknown', 'population': 'unknown'}","[{'title': 'The Force Awakens', 'episode_id': 7, 'opening_crawl': ""Luke Skywalker has vanished.\r\nIn his absence, the sinister\r\nFIRST ORDER has risen from\r\nthe ashes of the Empire\r\nand will not rest until\r\nSkywalker, the last Jedi,\r\nhas been destroyed.\r\n \r\nWith the support of the\r\nREPUBLIC, General Leia Organa\r\nleads a brave RESISTANCE.\r\nShe is desperate to find her\r\nbrother Luke and gain his\r\nhelp in restoring peace and\r\njustice to the galaxy.\r\n \r\nLeia has sent her most daring\r\npilot on a secret mission\r\nto Jakku, where an old ally\r\nhas discovered a clue to\r\nLuke's whereabouts...."", 'director': 'J. J. Abrams', 'producer': 'Kathleen Kennedy, J. J. Abrams, Bryan Burk', 'release_date': '2015-12-11'}]",[]
16,Chewbacca,228,112,brown,unknown,blue,200BBY,male,"{'name': 'Kashyyyk', 'rotation_period': '26', 'orbital_period': '381', 'diameter': '12765', 'climate': 'tropical', 'gravity': '1 standard', 'terrain': 'jungle, forests, lakes, rivers', 'surface_water': '60', 'population': '45000000'}","[{'title': 'The Empire Strikes Back', 'episode_id': 5, 'opening_crawl': 'It is a dark time for the\r\nRebellion. Although the Death\r\nStar has been destroyed,\r\nImperial troops have driven the\r\nRebel forces from their hidden\r\nbase and pursued them across\r\nthe galaxy.\r\n\r\nEvading the dreaded Imperial\r\nStarfleet, a group of freedom\r\nfighters led by Luke Skywalker\r\nhas established a new secret\r\nbase on the remote ice world\r\nof Hoth.\r\n\r\nThe evil lord Darth Vader,\r\nobsessed with finding young\r\nSkywalker, has dispatched\r\nthousands of remote probes into\r\nthe far reaches of space....', 'director': 'Irvin Kershner', 'producer': 'Gary Kurtz, Rick McCallum', 'release_date': '1980-05-17'}, {'title': 'Revenge of the Sith', 'episode_id': 3, 'opening_crawl': 'War! The Republic is crumbling\r\nunder attacks by the ruthless\r\nSith Lord, Count Dooku.\r\nThere are heroes on both sides.\r\nEvil is everywhere.\r\n\r\nIn a stunning move, the\r\nfiendish droid leader, General\r\nGrievous, has swept into the\r\nRepublic capital and kidnapped\r\nChancellor Palpatine, leader of\r\nthe Galactic Senate.\r\n\r\nAs the Separatist Droid Army\r\nattempts to flee the besieged\r\ncapital with their valuable\r\nhostage, two Jedi Knights lead a\r\ndesperate mission to rescue the\r\ncaptive Chancellor....', 'director': 'George Lucas', 'producer': 'Rick McCallum', 'release_date': '2005-05-19'}, {'title': 'Return of the Jedi', 'episode_id': 6, 'opening_crawl': 'Luke Skywalker has returned to\r\nhis home planet of Tatooine in\r\nan attempt to rescue his\r\nfriend Han Solo from the\r\nclutches of the vile gangster\r\nJabba the Hutt.\r\n\r\nLittle does Luke know that the\r\nGALACTIC EMPIRE has secretly\r\nbegun construction on a new\r\narmored space station even\r\nmore powerful than the first\r\ndreaded Death Star.\r\n\r\nWhen completed, this ultimate\r\nweapon will spell certain doom\r\nfor the small band of rebels\r\nstruggling to restore freedom\r\nto the galaxy...', 'director': 'Richard Marquand', 'producer': 'Howard G. Kazanjian, George Lucas, Rick McCallum', 'release_date': '1983-05-25'}, {'title': 'A New Hope', 'episode_id': 4, 'opening_crawl': ""It is a period of civil war.\r\nRebel spaceships, striking\r\nfrom a hidden base, have won\r\ntheir first victory against\r\nthe evil Galactic Empire.\r\n\r\nDuring the battle, Rebel\r\nspies managed to steal secret\r\nplans to the Empire's\r\nultimate weapon, the DEATH\r\nSTAR, an armored space\r\nstation with enough power\r\nto destroy an entire planet.\r\n\r\nPursued by the Empire's\r\nsinister agents, Princess\r\nLeia races home aboard her\r\nstarship, custodian of the\r\nstolen plans that can save her\r\npeople and restore\r\nfreedom to the galaxy...."", 'director': 'George Lucas', 'producer': 'Gary Kurtz, Rick McCallum', 'release_date': '1977-05-25'}, {'title': 'The Force Awakens', 'episode_id': 7, 'opening_crawl': ""Luke Skywalker has vanished.\r\nIn his absence, the sinister\r\nFIRST ORDER has risen from\r\nthe ashes of the Empire\r\nand will not rest until\r\nSkywalker, the last Jedi,\r\nhas been destroyed.\r\n \r\nWith the support of the\r\nREPUBLIC, General Leia Organa\r\nleads a brave RESISTANCE.\r\nShe is desperate to find her\r\nbrother Luke and gain his\r\nhelp in restoring peace and\r\njustice to the galaxy.\r\n \r\nLeia has sent her most daring\r\npilot on a secret mission\r\nto Jakku, where an old ally\r\nhas discovered a clue to\r\nLuke's whereabouts...."", 'director': 'J. J. Abrams', 'producer': 'Kathleen Kennedy, J. J. Abrams, Bryan Burk', 'release_date': '2015-12-11'}]","{'name': 'Wookiee', 'classification': 'mammal', 'designation': 'sentient', 'average_height': '210', 'skin_colors': 'gray', 'hair_colors': 'black, brown', 'eye_colors': 'blue, green, yellow, brown, golden, red', 'average_lifespan': '400', 'language': 'Shyriiwook'}"
17,Cliegg Lars,183,unknown,brown,fair,blue,82BBY,male,"{'name': 'Tatooine', 'rotation_period': '23', 'orbital_period': '304', 'diameter': '10465', 'climate': 'arid', 'gravity': '1 standard', 'terrain': 'desert', 'surface_water': '1', 'population': '200000'}","[{'title': 'Attack of the Clones', 'episode_id': 2, 'opening_crawl': 'There is unrest in the Galactic\r\nSenate. Several thousand solar\r\nsystems have declared their\r\nintentions to leave the Republic.\r\n\r\nThis separatist movement,\r\nunder the leadership of the\r\nmysterious Count Dooku, has\r\nmade it difficult for the limited\r\nnumber of Jedi Knights to maintain \r\npeace and order in the galaxy.\r\n\r\nSenator Amidala, the former\r\nQueen of Naboo, is returning\r\nto the Galactic Senate to vote\r\non the critical issue of creating\r\nan ARMY OF THE REPUBLIC\r\nto assist the overwhelmed\r\nJedi....', 'director': 'George Lucas', 'producer': 'Rick McCallum', 'release_date': '2002-05-16'}]","{'name': 'Human', 'classification': 'mammal', 'designation': 'sentient', 'average_height': '180', 'skin_colors': 'caucasian, black, asian, hispanic', 'hair_colors': 'blonde, brown, black, red', 'eye_colors': 'brown, blue, green, hazel, grey, amber', 'average_lifespan': '120', 'language': 'Galactic Basic'}"
18,Cordé,157,unknown,brown,light,brown,unknown,female,"{'name': 'Naboo', 'rotation_period': '26', 'orbital_period': '312', 'diameter': '12120', 'climate': 'temperate', 'gravity': '1 standard', 'terrain': 'grassy hills, swamps, forests, mountains', 'surface_water': '12', 'population': '4500000000'}","[{'title': 'Attack of the Clones', 'episode_id': 2, 'opening_crawl': 'There is unrest in the Galactic\r\nSenate. Several thousand solar\r\nsystems have declared their\r\nintentions to leave the Republic.\r\n\r\nThis separatist movement,\r\nunder the leadership of the\r\nmysterious Count Dooku, has\r\nmade it difficult for the limited\r\nnumber of Jedi Knights to maintain \r\npeace and order in the galaxy.\r\n\r\nSenator Amidala, the former\r\nQueen of Naboo, is returning\r\nto the Galactic Senate to vote\r\non the critical issue of creating\r\nan ARMY OF THE REPUBLIC\r\nto assist the overwhelmed\r\nJedi....', 'director': 'George Lucas', 'producer': 'Rick McCallum', 'release_date': '2002-05-16'}]","{'name': 'Human', 'classification': 'mammal', 'designation': 'sentient', 'average_height': '180', 'skin_colors': 'caucasian, black, asian, hispanic', 'hair_colors': 'blonde, brown, black, red', 'eye_colors': 'brown, blue, green, hazel, grey, amber', 'average_lifespan': '120', 'language': 'Galactic Basic'}"
19,Darth Maul,175,80,none,red,yellow,54BBY,male,"{'name': 'Dathomir', 'rotation_period': '24', 'orbital_period': '491', 'diameter': '10480', 'climate': 'temperate', 'gravity': '0.9', 'terrain': 'forests, deserts, savannas', 'surface_water': 'unknown', 'population': '5200'}","[{'title': 'The Phantom Menace', 'episode_id': 1, 'opening_crawl': 'Turmoil has engulfed the\r\nGalactic Republic. The taxation\r\nof trade routes to outlying star\r\nsystems is in dispute.\r\n\r\nHoping to resolve the matter\r\nwith a blockade of deadly\r\nbattleships, the greedy Trade\r\nFederation has stopped all\r\nshipping to the small planet\r\nof Naboo.\r\n\r\nWhile the Congress of the\r\nRepublic endlessly debates\r\nthis alarming chain of events,\r\nthe Supreme Chancellor has\r\nsecretly dispatched two Jedi\r\nKnights, the guardians of\r\npeace and justice in the\r\ngalaxy, to settle the conflict....', 'director': 'George Lucas', 'producer': 'Rick McCallum', 'release_date': '1999-05-19'}]","{'name': 'Zabrak', 'classification': 'mammal', 'designation': 'sentient', 'average_height': '180', 'skin_colors': 'pale, brown, red, orange, yellow', 'hair_colors': 'black', 'eye_colors': 'brown, orange', 'average_lifespan': 'unknown', 'language': 'Zabraki'}"
20,Darth Vader,202,136,none,white,yellow,41.9BBY,male,"{'name': 'Tatooine', 'rotation_period': '23', 'orbital_period': '304', 'diameter': '10465', 'climate': 'arid', 'gravity': '1 standard', 'terrain': 'desert', 'surface_water': '1', 'population': '200000'}","[{'title': 'The Empire Strikes Back', 'episode_id': 5, 'opening_crawl': 'It is a dark time for the\r\nRebellion. Although the Death\r\nStar has been destroyed,\r\nImperial troops have driven the\r\nRebel forces from their hidden\r\nbase and pursued them across\r\nthe galaxy.\r\n\r\nEvading the dreaded Imperial\r\nStarfleet, a group of freedom\r\nfighters led by Luke Skywalker\r\nhas established a new secret\r\nbase on the remote ice world\r\nof Hoth.\r\n\r\nThe evil lord Darth Vader,\r\nobsessed with finding young\r\nSkywalker, has dispatched\r\nthousands of remote probes into\r\nthe far reaches of space....', 'director': 'Irvin Kershner', 'producer': 'Gary Kurtz, Rick McCallum', 'release_date': '1980-05-17'}, {'title': 'Revenge of the Sith', 'episode_id': 3, 'opening_crawl': 'War! The Republic is crumbling\r\nunder attacks by the ruthless\r\nSith Lord, Count Dooku.\r\nThere are heroes on both sides.\r\nEvil is everywhere.\r\n\r\nIn a stunning move, the\r\nfiendish droid leader, General\r\nGrievous, has swept into the\r\nRepublic capital and kidnapped\r\nChancellor Palpatine, leader of\r\nthe Galactic Senate.\r\n\r\nAs the Separatist Droid Army\r\nattempts to flee the besieged\r\ncapital with their valuable\r\nhostage, two Jedi Knights lead a\r\ndesperate mission to rescue the\r\ncaptive Chancellor....', 'director': 'George Lucas', 'producer': 'Rick McCallum', 'release_date': '2005-05-19'}, {'title': 'Return of the Jedi', 'episode_id': 6, 'opening_crawl': 'Luke Skywalker has returned to\r\nhis home planet of Tatooine in\r\nan attempt to rescue his\r\nfriend Han Solo from the\r\nclutches of the vile gangster\r\nJabba the Hutt.\r\n\r\nLittle does Luke know that the\r\nGALACTIC EMPIRE has secretly\r\nbegun construction on a new\r\narmored space station even\r\nmore powerful than the first\r\ndreaded Death Star.\r\n\r\nWhen completed, this ultimate\r\nweapon will spell certain doom\r\nfor the small band of rebels\r\nstruggling to restore freedom\r\nto the galaxy...', 'director': 'Richard Marquand', 'producer': 'Howard G. Kazanjian, George Lucas, Rick McCallum', 'release_date': '1983-05-25'}, {'title': 'A New Hope', 'episode_id': 4, 'opening_crawl': ""It is a period of civil war.\r\nRebel spaceships, striking\r\nfrom a hidden base, have won\r\ntheir first victory against\r\nthe evil Galactic Empire.\r\n\r\nDuring the battle, Rebel\r\nspies managed to steal secret\r\nplans to the Empire's\r\nultimate weapon, the DEATH\r\nSTAR, an armored space\r\nstation with enough power\r\nto destroy an entire planet.\r\n\r\nPursued by the Empire's\r\nsinister agents, Princess\r\nLeia races home aboard her\r\nstarship, custodian of the\r\nstolen plans that can save her\r\npeople and restore\r\nfreedom to the galaxy...."", 'director': 'George Lucas', 'producer': 'Gary Kurtz, Rick McCallum', 'release_date': '1977-05-25'}]","{'name': 'Human', 'classification': 'mammal', 'designation': 'sentient', 'average_height': '180', 'skin_colors': 'caucasian, black, asian, hispanic', 'hair_colors': 'blonde, brown, black, red', 'eye_colors': 'brown, blue, green, hazel, grey, amber', 'average_lifespan': '120', 'language': 'Galactic Basic'}"
21,Dexter Jettster,198,102,none,brown,yellow,unknown,male,"{'name': 'Ojom', 'rotation_period': 'unknown', 'orbital_period': 'unknown', 'diameter': 'unknown', 'climate': 'frigid', 'gravity': 'unknown', 'terrain': 'oceans, glaciers', 'surface_water': '100', 'population': '500000000'}","[{'title': 'Attack of the Clones', 'episode_id': 2, 'opening_crawl': 'There is unrest in the Galactic\r\nSenate. Several thousand solar\r\nsystems have declared their\r\nintentions to leave the Republic.\r\n\r\nThis separatist movement,\r\nunder the leadership of the\r\nmysterious Count Dooku, has\r\nmade it difficult for the limited\r\nnumber of Jedi Knights to maintain \r\npeace and order in the galaxy.\r\n\r\nSenator Amidala, the former\r\nQueen of Naboo, is returning\r\nto the Galactic Senate to vote\r\non the critical issue of creating\r\nan ARMY OF THE REPUBLIC\r\nto assist the overwhelmed\r\nJedi....', 'director': 'George Lucas', 'producer': 'Rick McCallum', 'release_date': '2002-05-16'}]","{'name': 'Besalisk', 'classification': 'amphibian', 'designation': 'sentient', 'average_height': '178', 'skin_colors': 'brown', 'hair_colors': 'none', 'eye_colors': 'yellow', 'average_lifespan': '75', 'language': 'besalisk'}"
22,Dooku,193,80,white,fair,brown,102BBY,male,"{'name': 'Serenno', 'rotation_period': 'unknown', 'orbital_period': 'unknown', 'diameter': 'unknown', 'climate': 'unknown', 'gravity': 'unknown', 'terrain': 'rainforests, rivers, mountains', 'surface_water': 'unknown', 'population': 'unknown'}","[{'title': 'Attack of the Clones', 'episode_id': 2, 'opening_crawl': 'There is unrest in the Galactic\r\nSenate. Several thousand solar\r\nsystems have declared their\r\nintentions to leave the Republic.\r\n\r\nThis separatist movement,\r\nunder the leadership of the\r\nmysterious Count Dooku, has\r\nmade it difficult for the limited\r\nnumber of Jedi Knights to maintain \r\npeace and order in the galaxy.\r\n\r\nSenator Amidala, the former\r\nQueen of Naboo, is returning\r\nto the Galactic Senate to vote\r\non the critical issue of creating\r\nan ARMY OF THE REPUBLIC\r\nto assist the overwhelmed\r\nJedi....', 'director': 'George Lucas', 'producer': 'Rick McCallum', 'release_date': '2002-05-16'}, {'title': 'Revenge of the Sith', 'episode_id': 3, 'opening_crawl': 'War! The Republic is crumbling\r\nunder attacks by the ruthless\r\nSith Lord, Count Dooku.\r\nThere are heroes on both sides.\r\nEvil is everywhere.\r\n\r\nIn a stunning move, the\r\nfiendish droid leader, General\r\nGrievous, has swept into the\r\nRepublic capital and kidnapped\r\nChancellor Palpatine, leader of\r\nthe Galactic Senate.\r\n\r\nAs the Separatist Droid Army\r\nattempts to flee the besieged\r\ncapital with their valuable\r\nhostage, two Jedi Knights lead a\r\ndesperate mission to rescue the\r\ncaptive Chancellor....', 'director': 'George Lucas', 'producer': 'Rick McCallum', 'release_date': '2005-05-19'}]","{'name': 'Human', 'classification': 'mammal', 'designation': 'sentient', 'average_height': '180', 'skin_colors': 'caucasian, black, asian, hispanic', 'hair_colors': 'blonde, brown, black, red', 'eye_colors': 'brown, blue, green, hazel, grey, amber', 'average_lifespan': '120', 'language': 'Galactic Basic'}"
23,Dormé,165,unknown,brown,light,brown,unknown,female,"{'name': 'Naboo', 'rotation_period': '26', 'orbital_period': '312', 'diameter': '12120', 'climate': 'temperate', 'gravity': '1 standard', 'terrain': 'grassy hills, swamps, forests, mountains', 'surface_water': '12', 'population': '4500000000'}","[{'title': 'Attack of the Clones', 'episode_id': 2, 'opening_crawl': 'There is unrest in the Galactic\r\nSenate. Several thousand solar\r\nsystems have declared their\r\nintentions to leave the Republic.\r\n\r\nThis separatist movement,\r\nunder the leadership of the\r\nmysterious Count Dooku, has\r\nmade it difficult for the limited\r\nnumber of Jedi Knights to maintain \r\npeace and order in the galaxy.\r\n\r\nSenator Amidala, the former\r\nQueen of Naboo, is returning\r\nto the Galactic Senate to vote\r\non the critical issue of creating\r\nan ARMY OF THE REPUBLIC\r\nto assist the overwhelmed\r\nJedi....', 'director': 'George Lucas', 'producer': 'Rick McCallum', 'release_date': '2002-05-16'}]","{'name': 'Human', 'classification': 'mammal', 'designation': 'sentient', 'average_height': '180', 'skin_colors': 'caucasian, black, asian, hispanic', 'hair_colors': 'blonde, brown, black, red', 'eye_colors': 'brown, blue, green, hazel, grey, amber', 'average_lifespan': '120', 'language': 'Galactic Basic'}"
24,Dud Bolt,94,45,none,"blue, grey",yellow,unknown,male,"{'name': 'Vulpter', 'rotation_period': '22', 'orbital_period': '391', 'diameter': '14900', 'climate': 'temperate, artic', 'gravity': '1', 'terrain': 'urban, barren', 'surface_water': 'unknown', 'population': '421000000'}","[{'title': 'The Phantom Menace', 'episode_id': 1, 'opening_crawl': 'Turmoil has engulfed the\r\nGalactic Republic. The taxation\r\nof trade routes to outlying star\r\nsystems is in dispute.\r\n\r\nHoping to resolve the matter\r\nwith a blockade of deadly\r\nbattleships, the greedy Trade\r\nFederation has stopped all\r\nshipping to the small planet\r\nof Naboo.\r\n\r\nWhile the Congress of the\r\nRepublic endlessly debates\r\nthis alarming chain of events,\r\nthe Supreme Chancellor has\r\nsecretly dispatched two Jedi\r\nKnights, the guardians of\r\npeace and justice in the\r\ngalaxy, to settle the conflict....', 'director': 'George Lucas', 'producer': 'Rick McCallum', 'release_date': '1999-05-19'}]","{'name': 'Vulptereen', 'classification': 'unknown', 'designation': 'sentient', 'average_height': '100', 'skin_colors': 'grey', 'hair_colors': 'none', 'eye_colors': 'yellow', 'average_lifespan': 'unknown', 'language': 'vulpterish'}"
25,Eeth Koth,171,unknown,black,brown,brown,unknown,male,"{'name': 'Iridonia', 'rotation_period': '29', 'orbital_period': '413', 'diameter': 'unknown', 'climate': 'unknown', 'gravity': 'unknown', 'terrain': 'rocky canyons, acid pools', 'surface_water': 'unknown', 'population': 'unknown'}","[{'title': 'The Phantom Menace', 'episode_id': 1, 'opening_crawl': 'Turmoil has engulfed the\r\nGalactic Republic. The taxation\r\nof trade routes to outlying star\r\nsystems is in dispute.\r\n\r\nHoping to resolve the matter\r\nwith a blockade of deadly\r\nbattleships, the greedy Trade\r\nFederation has stopped all\r\nshipping to the small planet\r\nof Naboo.\r\n\r\nWhile the Congress of the\r\nRepublic endlessly debates\r\nthis alarming chain of events,\r\nthe Supreme Chancellor has\r\nsecretly dispatched two Jedi\r\nKnights, the guardians of\r\npeace and justice in the\r\ngalaxy, to settle the conflict....', 'director': 'George Lucas', 'producer': 'Rick McCallum', 'release_date': '1999-05-19'}, {'title': 'Revenge of the Sith', 'episode_id': 3, 'opening_crawl': 'War! The Republic is crumbling\r\nunder attacks by the ruthless\r\nSith Lord, Count Dooku.\r\nThere are heroes on both sides.\r\nEvil is everywhere.\r\n\r\nIn a stunning move, the\r\nfiendish droid leader, General\r\nGrievous, has swept into the\r\nRepublic capital and kidnapped\r\nChancellor Palpatine, leader of\r\nthe Galactic Senate.\r\n\r\nAs the Separatist Droid Army\r\nattempts to flee the besieged\r\ncapital with their valuable\r\nhostage, two Jedi Knights lead a\r\ndesperate mission to rescue the\r\ncaptive Chancellor....', 'director': 'George Lucas', 'producer': 'Rick McCallum', 'release_date': '2005-05-19'}]","{'name': 'Zabrak', 'classification': 'mammal', 'designation': 'sentient', 'average_height': '180', 'skin_colors': 'pale, brown, red, orange, yellow', 'hair_colors': 'black', 'eye_colors': 'brown, orange', 'average_lifespan': 'unknown', 'language': 'Zabraki'}"
26,Finis Valorum,170,unknown,blond,fair,blue,91BBY,male,"{'name': 'Coruscant', 'rotation_period': '24', 'orbital_period': '368', 'diameter': '12240', 'climate': 'temperate', 'gravity': '1 standard', 'terrain': 'cityscape, mountains', 'surface_water': 'unknown', 'population': '1000000000000'}","[{'title': 'The Phantom Menace', 'episode_id': 1, 'opening_crawl': 'Turmoil has engulfed the\r\nGalactic Republic. The taxation\r\nof trade routes to outlying star\r\nsystems is in dispute.\r\n\r\nHoping to resolve the matter\r\nwith a blockade of deadly\r\nbattleships, the greedy Trade\r\nFederation has stopped all\r\nshipping to the small planet\r\nof Naboo.\r\n\r\nWhile the Congress of the\r\nRepublic endlessly debates\r\nthis alarming chain of events,\r\nthe Supreme Chancellor has\r\nsecretly dispatched two Jedi\r\nKnights, the guardians of\r\npeace and justice in the\r\ngalaxy, to settle the conflict....', 'director': 'George Lucas', 'producer': 'Rick McCallum', 'release_date': '1999-05-19'}]","{'name': 'Human', 'classification': 'mammal', 'designation': 'sentient', 'average_height': '180', 'skin_colors': 'caucasian, black, asian, hispanic', 'hair_colors': 'blonde, brown, black, red', 'eye_colors': 'brown, blue, green, hazel, grey, amber', 'average_lifespan': '120', 'language': 'Galactic Basic'}"
27,Finn,unknown,unknown,black,dark,dark,unknown,male,"{'name': 'unknown', 'rotation_period': '0', 'orbital_period': '0', 'diameter': '0', 'climate': 'unknown', 'gravity': 'unknown', 'terrain': 'unknown', 'surface_water': 'unknown', 'population': 'unknown'}","[{'title': 'The Force Awakens', 'episode_id': 7, 'opening_crawl': ""Luke Skywalker has vanished.\r\nIn his absence, the sinister\r\nFIRST ORDER has risen from\r\nthe ashes of the Empire\r\nand will not rest until\r\nSkywalker, the last Jedi,\r\nhas been destroyed.\r\n \r\nWith the support of the\r\nREPUBLIC, General Leia Organa\r\nleads a brave RESISTANCE.\r\nShe is desperate to find her\r\nbrother Luke and gain his\r\nhelp in restoring peace and\r\njustice to the galaxy.\r\n \r\nLeia has sent her most daring\r\npilot on a secret mission\r\nto Jakku, where an old ally\r\nhas discovered a clue to\r\nLuke's whereabouts...."", 'director': 'J. J. Abrams', 'producer': 'Kathleen Kennedy, J. J. Abrams, Bryan Burk', 'release_date': '2015-12-11'}]","{'name': 'Human', 'classification': 'mammal', 'designation': 'sentient', 'average_height': '180', 'skin_colors': 'caucasian, black, asian, hispanic', 'hair_colors': 'blonde, brown, black, red', 'eye_colors': 'brown, blue, green, hazel, grey, amber', 'average_lifespan': '120', 'language': 'Galactic Basic'}"
28,Gasgano,122,unknown,none,"white, blue",black,unknown,male,"{'name': 'Troiken', 'rotation_period': 'unknown', 'orbital_period': 'unknown', 'diameter': 'unknown', 'climate': 'unknown', 'gravity': 'unknown', 'terrain': 'desert, tundra, rainforests, mountains', 'surface_water': 'unknown', 'population': 'unknown'}","[{'title': 'The Phantom Menace', 'episode_id': 1, 'opening_crawl': 'Turmoil has engulfed the\r\nGalactic Republic. The taxation\r\nof trade routes to outlying star\r\nsystems is in dispute.\r\n\r\nHoping to resolve the matter\r\nwith a blockade of deadly\r\nbattleships, the greedy Trade\r\nFederation has stopped all\r\nshipping to the small planet\r\nof Naboo.\r\n\r\nWhile the Congress of the\r\nRepublic endlessly debates\r\nthis alarming chain of events,\r\nthe Supreme Chancellor has\r\nsecretly dispatched two Jedi\r\nKnights, the guardians of\r\npeace and justice in the\r\ngalaxy, to settle the conflict....', 'director': 'George Lucas', 'producer': 'Rick McCallum', 'release_date': '1999-05-19'}]","{'name': 'Xexto', 'classification': 'unknown', 'designation': 'sentient', 'average_height': '125', 'skin_colors': 'grey, yellow, purple', 'hair_colors': 'none', 'eye_colors': 'black', 'average_lifespan': 'unknown', 'language': 'Xextese'}"
29,Greedo,173,74,n/a,green,black,44BBY,male,"{'name': 'Rodia', 'rotation_period': '29', 'orbital_period': '305', 'diameter': '7549', 'climate': 'hot', 'gravity': '1 standard', 'terrain': 'jungles, oceans, urban, swamps', 'surface_water': '60', 'population': '1300000000'}","[{'title': 'A New Hope', 'episode_id': 4, 'opening_crawl': ""It is a period of civil war.\r\nRebel spaceships, striking\r\nfrom a hidden base, have won\r\ntheir first victory against\r\nthe evil Galactic Empire.\r\n\r\nDuring the battle, Rebel\r\nspies managed to steal secret\r\nplans to the Empire's\r\nultimate weapon, the DEATH\r\nSTAR, an armored space\r\nstation with enough power\r\nto destroy an entire planet.\r\n\r\nPursued by the Empire's\r\nsinister agents, Princess\r\nLeia races home aboard her\r\nstarship, custodian of the\r\nstolen plans that can save her\r\npeople and restore\r\nfreedom to the galaxy...."", 'director': 'George Lucas', 'producer': 'Gary Kurtz, Rick McCallum', 'release_date': '1977-05-25'}]","{'name': 'Rodian', 'classification': 'sentient', 'designation': 'reptilian', 'average_height': '170', 'skin_colors': 'green, blue', 'hair_colors': 'n/a', 'eye_colors': 'black', 'average_lifespan': 'unknown', 'language': 'Galactic Basic'}"
30,Gregar Typho,185,85,black,dark,brown,unknown,male,"{'name': 'Naboo', 'rotation_period': '26', 'orbital_period': '312', 'diameter': '12120', 'climate': 'temperate', 'gravity': '1 standard', 'terrain': 'grassy hills, swamps, forests, mountains', 'surface_water': '12', 'population': '4500000000'}","[{'title': 'Attack of the Clones', 'episode_id': 2, 'opening_crawl': 'There is unrest in the Galactic\r\nSenate. Several thousand solar\r\nsystems have declared their\r\nintentions to leave the Republic.\r\n\r\nThis separatist movement,\r\nunder the leadership of the\r\nmysterious Count Dooku, has\r\nmade it difficult for the limited\r\nnumber of Jedi Knights to maintain \r\npeace and order in the galaxy.\r\n\r\nSenator Amidala, the former\r\nQueen of Naboo, is returning\r\nto the Galactic Senate to vote\r\non the critical issue of creating\r\nan ARMY OF THE REPUBLIC\r\nto assist the overwhelmed\r\nJedi....', 'director': 'George Lucas', 'producer': 'Rick McCallum', 'release_date': '2002-05-16'}]","{'name': 'Human', 'classification': 'mammal', 'designation': 'sentient', 'average_height': '180', 'skin_colors': 'caucasian, black, asian, hispanic', 'hair_colors': 'blonde, brown, black, red', 'eye_colors': 'brown, blue, green, hazel, grey, amber', 'average_lifespan': '120', 'language': 'Galactic Basic'}"
31,Grievous,216,159,none,"brown, white","green, yellow",unknown,male,"{'name': 'Kalee', 'rotation_period': '23', 'orbital_period': '378', 'diameter': '13850', 'climate': 'arid, temperate, tropical', 'gravity': '1', 'terrain': 'rainforests, cliffs, canyons, seas', 'surface_water': 'unknown', 'population': '4000000000'}","[{'title': 'Revenge of the Sith', 'episode_id': 3, 'opening_crawl': 'War! The Republic is crumbling\r\nunder attacks by the ruthless\r\nSith Lord, Count Dooku.\r\nThere are heroes on both sides.\r\nEvil is everywhere.\r\n\r\nIn a stunning move, the\r\nfiendish droid leader, General\r\nGrievous, has swept into the\r\nRepublic capital and kidnapped\r\nChancellor Palpatine, leader of\r\nthe Galactic Senate.\r\n\r\nAs the Separatist Droid Army\r\nattempts to flee the besieged\r\ncapital with their valuable\r\nhostage, two Jedi Knights lead a\r\ndesperate mission to rescue the\r\ncaptive Chancellor....', 'director': 'George Lucas', 'producer': 'Rick McCallum', 'release_date': '2005-05-19'}]","{'name': 'Kaleesh', 'classification': 'reptile', 'designation': 'sentient', 'average_height': '170', 'skin_colors': 'brown, orange, tan', 'hair_colors': 'none', 'eye_colors': 'yellow', 'average_lifespan': '80', 'language': 'Kaleesh'}"
32,Han Solo,180,80,brown,fair,brown,29BBY,male,"{'name': 'Corellia', 'rotation_period': '25', 'orbital_period': '329', 'diameter': '11000', 'climate': 'temperate', 'gravity': '1 standard', 'terrain': 'plains, urban, hills, forests', 'surface_water': '70', 'population': '3000000000'}","[{'title': 'The Empire Strikes Back', 'episode_id': 5, 'opening_crawl': 'It is a dark time for the\r\nRebellion. Although the Death\r\nStar has been destroyed,\r\nImperial troops have driven the\r\nRebel forces from their hidden\r\nbase and pursued them across\r\nthe galaxy.\r\n\r\nEvading the dreaded Imperial\r\nStarfleet, a group of freedom\r\nfighters led by Luke Skywalker\r\nhas established a new secret\r\nbase on the remote ice world\r\nof Hoth.\r\n\r\nThe evil lord Darth Vader,\r\nobsessed with finding young\r\nSkywalker, has dispatched\r\nthousands of remote probes into\r\nthe far reaches of space....', 'director': 'Irvin Kershner', 'producer': 'Gary Kurtz, Rick McCallum', 'release_date': '1980-05-17'}, {'title': 'Return of the Jedi', 'episode_id': 6, 'opening_crawl': 'Luke Skywalker has returned to\r\nhis home planet of Tatooine in\r\nan attempt to rescue his\r\nfriend Han Solo from the\r\nclutches of the vile gangster\r\nJabba the Hutt.\r\n\r\nLittle does Luke know that the\r\nGALACTIC EMPIRE has secretly\r\nbegun construction on a new\r\narmored space station even\r\nmore powerful than the first\r\ndreaded Death Star.\r\n\r\nWhen completed, this ultimate\r\nweapon will spell certain doom\r\nfor the small band of rebels\r\nstruggling to restore freedom\r\nto the galaxy...', 'director': 'Richard Marquand', 'producer': 'Howard G. Kazanjian, George Lucas, Rick McCallum', 'release_date': '1983-05-25'}, {'title': 'A New Hope', 'episode_id': 4, 'opening_crawl': ""It is a period of civil war.\r\nRebel spaceships, striking\r\nfrom a hidden base, have won\r\ntheir first victory against\r\nthe evil Galactic Empire.\r\n\r\nDuring the battle, Rebel\r\nspies managed to steal secret\r\nplans to the Empire's\r\nultimate weapon, the DEATH\r\nSTAR, an armored space\r\nstation with enough power\r\nto destroy an entire planet.\r\n\r\nPursued by the Empire's\r\nsinister agents, Princess\r\nLeia races home aboard her\r\nstarship, custodian of the\r\nstolen plans that can save her\r\npeople and restore\r\nfreedom to the galaxy...."", 'director': 'George Lucas', 'producer': 'Gary Kurtz, Rick McCallum', 'release_date': '1977-05-25'}, {'title': 'The Force Awakens', 'episode_id': 7, 'opening_crawl': ""Luke Skywalker has vanished.\r\nIn his absence, the sinister\r\nFIRST ORDER has risen from\r\nthe ashes of the Empire\r\nand will not rest until\r\nSkywalker, the last Jedi,\r\nhas been destroyed.\r\n \r\nWith the support of the\r\nREPUBLIC, General Leia Organa\r\nleads a brave RESISTANCE.\r\nShe is desperate to find her\r\nbrother Luke and gain his\r\nhelp in restoring peace and\r\njustice to the galaxy.\r\n \r\nLeia has sent her most daring\r\npilot on a secret mission\r\nto Jakku, where an old ally\r\nhas discovered a clue to\r\nLuke's whereabouts...."", 'director': 'J. J. Abrams', 'producer': 'Kathleen Kennedy, J. J. Abrams, Bryan Burk', 'release_date': '2015-12-11'}]","{'name': 'Human', 'classification': 'mammal', 'designation': 'sentient', 'average_height': '180', 'skin_colors': 'caucasian, black, asian, hispanic', 'hair_colors': 'blonde, brown, black, red', 'eye_colors': 'brown, blue, green, hazel, grey, amber', 'average_lifespan': '120', 'language': 'Galactic Basic'}"
33,IG-88,200,140,none,metal,red,15BBY,none,"{'name': 'unknown', 'rotation_period': '0', 'orbital_period': '0', 'diameter': '0', 'climate': 'unknown', 'gravity': 'unknown', 'terrain': 'unknown', 'surface_water': 'unknown', 'population': 'unknown'}","[{'title': 'The Empire Strikes Back', 'episode_id': 5, 'opening_crawl': 'It is a dark time for the\r\nRebellion. Although the Death\r\nStar has been destroyed,\r\nImperial troops have driven the\r\nRebel forces from their hidden\r\nbase and pursued them across\r\nthe galaxy.\r\n\r\nEvading the dreaded Imperial\r\nStarfleet, a group of freedom\r\nfighters led by Luke Skywalker\r\nhas established a new secret\r\nbase on the remote ice world\r\nof Hoth.\r\n\r\nThe evil lord Darth Vader,\r\nobsessed with finding young\r\nSkywalker, has dispatched\r\nthousands of remote probes into\r\nthe far reaches of space....', 'director': 'Irvin Kershner', 'producer': 'Gary Kurtz, Rick McCallum', 'release_date': '1980-05-17'}]","{'name': 'Droid', 'classification': 'artificial', 'designation': 'sentient', 'average_height': 'n/a', 'skin_colors': 'n/a', 'hair_colors': 'n/a', 'eye_colors': 'n/a', 'average_lifespan': 'indefinite', 'language': 'n/a'}"
34,Jabba Desilijic Tiure,175,"1,358",n/a,"green-tan, brown",orange,600BBY,hermaphrodite,"{'name': 'Nal Hutta', 'rotation_period': '87', 'orbital_period': '413', 'diameter': '12150', 'climate': 'temperate', 'gravity': '1 standard', 'terrain': 'urban, oceans, swamps, bogs', 'surface_water': 'unknown', 'population': '7000000000'}","[{'title': 'The Phantom Menace', 'episode_id': 1, 'opening_crawl': 'Turmoil has engulfed the\r\nGalactic Republic. The taxation\r\nof trade routes to outlying star\r\nsystems is in dispute.\r\n\r\nHoping to resolve the matter\r\nwith a blockade of deadly\r\nbattleships, the greedy Trade\r\nFederation has stopped all\r\nshipping to the small planet\r\nof Naboo.\r\n\r\nWhile the Congress of the\r\nRepublic endlessly debates\r\nthis alarming chain of events,\r\nthe Supreme Chancellor has\r\nsecretly dispatched two Jedi\r\nKnights, the guardians of\r\npeace and justice in the\r\ngalaxy, to settle the conflict....', 'director': 'George Lucas', 'producer': 'Rick McCallum', 'release_date': '1999-05-19'}, {'title': 'Return of the Jedi', 'episode_id': 6, 'opening_crawl': 'Luke Skywalker has returned to\r\nhis home planet of Tatooine in\r\nan attempt to rescue his\r\nfriend Han Solo from the\r\nclutches of the vile gangster\r\nJabba the Hutt.\r\n\r\nLittle does Luke know that the\r\nGALACTIC EMPIRE has secretly\r\nbegun construction on a new\r\narmored space station even\r\nmore powerful than the first\r\ndreaded Death Star.\r\n\r\nWhen completed, this ultimate\r\nweapon will spell certain doom\r\nfor the small band of rebels\r\nstruggling to restore freedom\r\nto the galaxy...', 'director': 'Richard Marquand', 'producer': 'Howard G. Kazanjian, George Lucas, Rick McCallum', 'release_date': '1983-05-25'}, {'title': 'A New Hope', 'episode_id': 4, 'opening_crawl': ""It is a period of civil war.\r\nRebel spaceships, striking\r\nfrom a hidden base, have won\r\ntheir first victory against\r\nthe evil Galactic Empire.\r\n\r\nDuring the battle, Rebel\r\nspies managed to steal secret\r\nplans to the Empire's\r\nultimate weapon, the DEATH\r\nSTAR, an armored space\r\nstation with enough power\r\nto destroy an entire planet.\r\n\r\nPursued by the Empire's\r\nsinister agents, Princess\r\nLeia races home aboard her\r\nstarship, custodian of the\r\nstolen plans that can save her\r\npeople and restore\r\nfreedom to the galaxy...."", 'director': 'George Lucas', 'producer': 'Gary Kurtz, Rick McCallum', 'release_date': '1977-05-25'}]","{'name': 'Hutt', 'classification': 'gastropod', 'designation': 'sentient', 'average_height': '300', 'skin_colors': 'green, brown, tan', 'hair_colors': 'n/a', 'eye_colors': 'yellow, red', 'average_lifespan': '1000', 'language': 'Huttese'}"
35,Jango Fett,183,79,black,tan,brown,66BBY,male,"{'name': 'Concord Dawn', 'rotation_period': 'unknown', 'orbital_period': 'unknown', 'diameter': 'unknown', 'climate': 'unknown', 'gravity': 'unknown', 'terrain': 'jungles, forests, deserts', 'surface_water': 'unknown', 'population': 'unknown'}","[{'title': 'Attack of the Clones', 'episode_id': 2, 'opening_crawl': 'There is unrest in the Galactic\r\nSenate. Several thousand solar\r\nsystems have declared their\r\nintentions to leave the Republic.\r\n\r\nThis separatist movement,\r\nunder the leadership of the\r\nmysterious Count Dooku, has\r\nmade it difficult for the limited\r\nnumber of Jedi Knights to maintain \r\npeace and order in the galaxy.\r\n\r\nSenator Amidala, the former\r\nQueen of Naboo, is returning\r\nto the Galactic Senate to vote\r\non the critical issue of creating\r\nan ARMY OF THE REPUBLIC\r\nto assist the overwhelmed\r\nJedi....', 'director': 'George Lucas', 'producer': 'Rick McCallum', 'release_date': '2002-05-16'}]","{'name': 'Human', 'classification': 'mammal', 'designation': 'sentient', 'average_height': '180', 'skin_colors': 'caucasian, black, asian, hispanic', 'hair_colors': 'blonde, brown, black, red', 'eye_colors': 'brown, blue, green, hazel, grey, amber', 'average_lifespan': '120', 'language': 'Galactic Basic'}"
36,Jar Jar Binks,196,66,none,orange,orange,52BBY,male,"{'name': 'Naboo', 'rotation_period': '26', 'orbital_period': '312', 'diameter': '12120', 'climate': 'temperate', 'gravity': '1 standard', 'terrain': 'grassy hills, swamps, forests, mountains', 'surface_water': '12', 'population': '4500000000'}","[{'title': 'Attack of the Clones', 'episode_id': 2, 'opening_crawl': 'There is unrest in the Galactic\r\nSenate. Several thousand solar\r\nsystems have declared their\r\nintentions to leave the Republic.\r\n\r\nThis separatist movement,\r\nunder the leadership of the\r\nmysterious Count Dooku, has\r\nmade it difficult for the limited\r\nnumber of Jedi Knights to maintain \r\npeace and order in the galaxy.\r\n\r\nSenator Amidala, the former\r\nQueen of Naboo, is returning\r\nto the Galactic Senate to vote\r\non the critical issue of creating\r\nan ARMY OF THE REPUBLIC\r\nto assist the overwhelmed\r\nJedi....', 'director': 'George Lucas', 'producer': 'Rick McCallum', 'release_date': '2002-05-16'}, {'title': 'The Phantom Menace', 'episode_id': 1, 'opening_crawl': 'Turmoil has engulfed the\r\nGalactic Republic. The taxation\r\nof trade routes to outlying star\r\nsystems is in dispute.\r\n\r\nHoping to resolve the matter\r\nwith a blockade of deadly\r\nbattleships, the greedy Trade\r\nFederation has stopped all\r\nshipping to the small planet\r\nof Naboo.\r\n\r\nWhile the Congress of the\r\nRepublic endlessly debates\r\nthis alarming chain of events,\r\nthe Supreme Chancellor has\r\nsecretly dispatched two Jedi\r\nKnights, the guardians of\r\npeace and justice in the\r\ngalaxy, to settle the conflict....', 'director': 'George Lucas', 'producer': 'Rick McCallum', 'release_date': '1999-05-19'}]","{'name': 'Gungan', 'classification': 'amphibian', 'designation': 'sentient', 'average_height': '190', 'skin_colors': 'brown, green', 'hair_colors': 'none', 'eye_colors': 'orange', 'average_lifespan': 'unknown', 'language': 'Gungan basic'}"
37,Jek Tono Porkins,180,110,brown,fair,blue,unknown,male,"{'name': 'Bestine IV', 'rotation_period': '26', 'orbital_period': '680', 'diameter': '6400', 'climate': 'temperate', 'gravity': 'unknown', 'terrain': 'rocky islands, oceans', 'surface_water': '98', 'population': '62000000'}","[{'title': 'A New Hope', 'episode_id': 4, 'opening_crawl': ""It is a period of civil war.\r\nRebel spaceships, striking\r\nfrom a hidden base, have won\r\ntheir first victory against\r\nthe evil Galactic Empire.\r\n\r\nDuring the battle, Rebel\r\nspies managed to steal secret\r\nplans to the Empire's\r\nultimate weapon, the DEATH\r\nSTAR, an armored space\r\nstation with enough power\r\nto destroy an entire planet.\r\n\r\nPursued by the Empire's\r\nsinister agents, Princess\r\nLeia races home aboard her\r\nstarship, custodian of the\r\nstolen plans that can save her\r\npeople and restore\r\nfreedom to the galaxy...."", 'director': 'George Lucas', 'producer': 'Gary Kurtz, Rick McCallum', 'release_date': '1977-05-25'}]","{'name': 'Human', 'classification': 'mammal', 'designation': 'sentient', 'average_height': '180', 'skin_colors': 'caucasian, black, asian, hispanic', 'hair_colors': 'blonde, brown, black, red', 'eye_colors': 'brown, blue, green, hazel, grey, amber', 'average_lifespan': '120', 'language': 'Galactic Basic'}"
38,Jocasta Nu,167,unknown,white,fair,blue,unknown,female,"{'name': 'Coruscant', 'rotation_period': '24', 'orbital_period': '368', 'diameter': '12240', 'climate': 'temperate', 'gravity': '1 standard', 'terrain': 'cityscape, mountains', 'surface_water': 'unknown', 'population': '1000000000000'}","[{'title': 'Attack of the Clones', 'episode_id': 2, 'opening_crawl': 'There is unrest in the Galactic\r\nSenate. Several thousand solar\r\nsystems have declared their\r\nintentions to leave the Republic.\r\n\r\nThis separatist movement,\r\nunder the leadership of the\r\nmysterious Count Dooku, has\r\nmade it difficult for the limited\r\nnumber of Jedi Knights to maintain \r\npeace and order in the galaxy.\r\n\r\nSenator Amidala, the former\r\nQueen of Naboo, is returning\r\nto the Galactic Senate to vote\r\non the critical issue of creating\r\nan ARMY OF THE REPUBLIC\r\nto assist the overwhelmed\r\nJedi....', 'director': 'George Lucas', 'producer': 'Rick McCallum', 'release_date': '2002-05-16'}]","{'name': 'Human', 'classification': 'mammal', 'designation': 'sentient', 'average_height': '180', 'skin_colors': 'caucasian, black, asian, hispanic', 'hair_colors': 'blonde, brown, black, red', 'eye_colors': 'brown, blue, green, hazel, grey, amber', 'average_lifespan': '120', 'language': 'Galactic Basic'}"
39,Ki-Adi-Mundi,198,82,white,pale,yellow,92BBY,male,"{'name': 'Cerea', 'rotation_period': '27', 'orbital_period': '386', 'diameter': 'unknown', 'climate': 'temperate', 'gravity': '1', 'terrain': 'verdant', 'surface_water': '20', 'population': '450000000'}","[{'title': 'Attack of the Clones', 'episode_id': 2, 'opening_crawl': 'There is unrest in the Galactic\r\nSenate. Several thousand solar\r\nsystems have declared their\r\nintentions to leave the Republic.\r\n\r\nThis separatist movement,\r\nunder the leadership of the\r\nmysterious Count Dooku, has\r\nmade it difficult for the limited\r\nnumber of Jedi Knights to maintain \r\npeace and order in the galaxy.\r\n\r\nSenator Amidala, the former\r\nQueen of Naboo, is returning\r\nto the Galactic Senate to vote\r\non the critical issue of creating\r\nan ARMY OF THE REPUBLIC\r\nto assist the overwhelmed\r\nJedi....', 'director': 'George Lucas', 'producer': 'Rick McCallum', 'release_date': '2002-05-16'}, {'title': 'The Phantom Menace', 'episode_id': 1, 'opening_crawl': 'Turmoil has engulfed the\r\nGalactic Republic. The taxation\r\nof trade routes to outlying star\r\nsystems is in dispute.\r\n\r\nHoping to resolve the matter\r\nwith a blockade of deadly\r\nbattleships, the greedy Trade\r\nFederation has stopped all\r\nshipping to the small planet\r\nof Naboo.\r\n\r\nWhile the Congress of the\r\nRepublic endlessly debates\r\nthis alarming chain of events,\r\nthe Supreme Chancellor has\r\nsecretly dispatched two Jedi\r\nKnights, the guardians of\r\npeace and justice in the\r\ngalaxy, to settle the conflict....', 'director': 'George Lucas', 'producer': 'Rick McCallum', 'release_date': '1999-05-19'}, {'title': 'Revenge of the Sith', 'episode_id': 3, 'opening_crawl': 'War! The Republic is crumbling\r\nunder attacks by the ruthless\r\nSith Lord, Count Dooku.\r\nThere are heroes on both sides.\r\nEvil is everywhere.\r\n\r\nIn a stunning move, the\r\nfiendish droid leader, General\r\nGrievous, has swept into the\r\nRepublic capital and kidnapped\r\nChancellor Palpatine, leader of\r\nthe Galactic Senate.\r\n\r\nAs the Separatist Droid Army\r\nattempts to flee the besieged\r\ncapital with their valuable\r\nhostage, two Jedi Knights lead a\r\ndesperate mission to rescue the\r\ncaptive Chancellor....', 'director': 'George Lucas', 'producer': 'Rick McCallum', 'release_date': '2005-05-19'}]","{'name': 'Cerean', 'classification': 'mammal', 'designation': 'sentient', 'average_height': '200', 'skin_colors': 'pale pink', 'hair_colors': 'red, blond, black, white', 'eye_colors': 'hazel', 'average_lifespan': 'unknown', 'language': 'Cerean'}"
40,Kit Fisto,196,87,none,green,black,unknown,male,"{'name': 'Glee Anselm', 'rotation_period': '33', 'orbital_period': '206', 'diameter': '15600', 'climate': 'tropical, temperate', 'gravity': '1', 'terrain': 'lakes, islands, swamps, seas', 'surface_water': '80', 'population': '500000000'}","[{'title': 'Attack of the Clones', 'episode_id': 2, 'opening_crawl': 'There is unrest in the Galactic\r\nSenate. Several thousand solar\r\nsystems have declared their\r\nintentions to leave the Republic.\r\n\r\nThis separatist movement,\r\nunder the leadership of the\r\nmysterious Count Dooku, has\r\nmade it difficult for the limited\r\nnumber of Jedi Knights to maintain \r\npeace and order in the galaxy.\r\n\r\nSenator Amidala, the former\r\nQueen of Naboo, is returning\r\nto the Galactic Senate to vote\r\non the critical issue of creating\r\nan ARMY OF THE REPUBLIC\r\nto assist the overwhelmed\r\nJedi....', 'director': 'George Lucas', 'producer': 'Rick McCallum', 'release_date': '2002-05-16'}, {'title': 'The Phantom Menace', 'episode_id': 1, 'opening_crawl': 'Turmoil has engulfed the\r\nGalactic Republic. The taxation\r\nof trade routes to outlying star\r\nsystems is in dispute.\r\n\r\nHoping to resolve the matter\r\nwith a blockade of deadly\r\nbattleships, the greedy Trade\r\nFederation has stopped all\r\nshipping to the small planet\r\nof Naboo.\r\n\r\nWhile the Congress of the\r\nRepublic endlessly debates\r\nthis alarming chain of events,\r\nthe Supreme Chancellor has\r\nsecretly dispatched two Jedi\r\nKnights, the guardians of\r\npeace and justice in the\r\ngalaxy, to settle the conflict....', 'director': 'George Lucas', 'producer': 'Rick McCallum', 'release_date': '1999-05-19'}, {'title': 'Revenge of the Sith', 'episode_id': 3, 'opening_crawl': 'War! The Republic is crumbling\r\nunder attacks by the ruthless\r\nSith Lord, Count Dooku.\r\nThere are heroes on both sides.\r\nEvil is everywhere.\r\n\r\nIn a stunning move, the\r\nfiendish droid leader, General\r\nGrievous, has swept into the\r\nRepublic capital and kidnapped\r\nChancellor Palpatine, leader of\r\nthe Galactic Senate.\r\n\r\nAs the Separatist Droid Army\r\nattempts to flee the besieged\r\ncapital with their valuable\r\nhostage, two Jedi Knights lead a\r\ndesperate mission to rescue the\r\ncaptive Chancellor....', 'director': 'George Lucas', 'producer': 'Rick McCallum', 'release_date': '2005-05-19'}]","{'name': 'Nautolan', 'classification': 'amphibian', 'designation': 'sentient', 'average_height': '180', 'skin_colors': 'green, blue, brown, red', 'hair_colors': 'none', 'eye_colors': 'black', 'average_lifespan': '70', 'language': 'Nautila'}"
41,Lama Su,229,88,none,grey,black,unknown,male,"{'name': 'Kamino', 'rotation_period': '27', 'orbital_period': '463', 'diameter': '19720', 'climate': 'temperate', 'gravity': '1 standard', 'terrain': 'ocean', 'surface_water': '100', 'population': '1000000000'}","[{'title': 'Attack of the Clones', 'episode_id': 2, 'opening_crawl': 'There is unrest in the Galactic\r\nSenate. Several thousand solar\r\nsystems have declared their\r\nintentions to leave the Republic.\r\n\r\nThis separatist movement,\r\nunder the leadership of the\r\nmysterious Count Dooku, has\r\nmade it difficult for the limited\r\nnumber of Jedi Knights to maintain \r\npeace and order in the galaxy.\r\n\r\nSenator Amidala, the former\r\nQueen of Naboo, is returning\r\nto the Galactic Senate to vote\r\non the critical issue of creating\r\nan ARMY OF THE REPUBLIC\r\nto assist the overwhelmed\r\nJedi....', 'director': 'George Lucas', 'producer': 'Rick McCallum', 'release_date': '2002-05-16'}]","{'name': 'Kaminoan', 'classification': 'amphibian', 'designation': 'sentient', 'average_height': '220', 'skin_colors': 'grey, blue', 'hair_colors': 'none', 'eye_colors': 'black', 'average_lifespan': '80', 'language': 'Kaminoan'}"
42,Lando Calrissian,177,79,black,dark,brown,31BBY,male,"{'name': 'Socorro', 'rotation_period': '20', 'orbital_period': '326', 'diameter': '0', 'climate': 'arid', 'gravity': '1 standard', 'terrain': 'deserts, mountains', 'surface_water': 'unknown', 'population': '300000000'}","[{'title': 'The Empire Strikes Back', 'episode_id': 5, 'opening_crawl': 'It is a dark time for the\r\nRebellion. Although the Death\r\nStar has been destroyed,\r\nImperial troops have driven the\r\nRebel forces from their hidden\r\nbase and pursued them across\r\nthe galaxy.\r\n\r\nEvading the dreaded Imperial\r\nStarfleet, a group of freedom\r\nfighters led by Luke Skywalker\r\nhas established a new secret\r\nbase on the remote ice world\r\nof Hoth.\r\n\r\nThe evil lord Darth Vader,\r\nobsessed with finding young\r\nSkywalker, has dispatched\r\nthousands of remote probes into\r\nthe far reaches of space....', 'director': 'Irvin Kershner', 'producer': 'Gary Kurtz, Rick McCallum', 'release_date': '1980-05-17'}, {'title': 'Return of the Jedi', 'episode_id': 6, 'opening_crawl': 'Luke Skywalker has returned to\r\nhis home planet of Tatooine in\r\nan attempt to rescue his\r\nfriend Han Solo from the\r\nclutches of the vile gangster\r\nJabba the Hutt.\r\n\r\nLittle does Luke know that the\r\nGALACTIC EMPIRE has secretly\r\nbegun construction on a new\r\narmored space station even\r\nmore powerful than the first\r\ndreaded Death Star.\r\n\r\nWhen completed, this ultimate\r\nweapon will spell certain doom\r\nfor the small band of rebels\r\nstruggling to restore freedom\r\nto the galaxy...', 'director': 'Richard Marquand', 'producer': 'Howard G. Kazanjian, George Lucas, Rick McCallum', 'release_date': '1983-05-25'}]","{'name': 'Human', 'classification': 'mammal', 'designation': 'sentient', 'average_height': '180', 'skin_colors': 'caucasian, black, asian, hispanic', 'hair_colors': 'blonde, brown, black, red', 'eye_colors': 'brown, blue, green, hazel, grey, amber', 'average_lifespan': '120', 'language': 'Galactic Basic'}"
43,Leia Organa,150,49,brown,light,brown,19BBY,female,"{'name': 'Alderaan', 'rotation_period': '24', 'orbital_period': '364', 'diameter': '12500', 'climate': 'temperate', 'gravity': '1 standard', 'terrain': 'grasslands, mountains', 'surface_water': '40', 'population': '2000000000'}","[{'title': 'The Empire Strikes Back', 'episode_id': 5, 'opening_crawl': 'It is a dark time for the\r\nRebellion. Although the Death\r\nStar has been destroyed,\r\nImperial troops have driven the\r\nRebel forces from their hidden\r\nbase and pursued them across\r\nthe galaxy.\r\n\r\nEvading the dreaded Imperial\r\nStarfleet, a group of freedom\r\nfighters led by Luke Skywalker\r\nhas established a new secret\r\nbase on the remote ice world\r\nof Hoth.\r\n\r\nThe evil lord Darth Vader,\r\nobsessed with finding young\r\nSkywalker, has dispatched\r\nthousands of remote probes into\r\nthe far reaches of space....', 'director': 'Irvin Kershner', 'producer': 'Gary Kurtz, Rick McCallum', 'release_date': '1980-05-17'}, {'title': 'Revenge of the Sith', 'episode_id': 3, 'opening_crawl': 'War! The Republic is crumbling\r\nunder attacks by the ruthless\r\nSith Lord, Count Dooku.\r\nThere are heroes on both sides.\r\nEvil is everywhere.\r\n\r\nIn a stunning move, the\r\nfiendish droid leader, General\r\nGrievous, has swept into the\r\nRepublic capital and kidnapped\r\nChancellor Palpatine, leader of\r\nthe Galactic Senate.\r\n\r\nAs the Separatist Droid Army\r\nattempts to flee the besieged\r\ncapital with their valuable\r\nhostage, two Jedi Knights lead a\r\ndesperate mission to rescue the\r\ncaptive Chancellor....', 'director': 'George Lucas', 'producer': 'Rick McCallum', 'release_date': '2005-05-19'}, {'title': 'Return of the Jedi', 'episode_id': 6, 'opening_crawl': 'Luke Skywalker has returned to\r\nhis home planet of Tatooine in\r\nan attempt to rescue his\r\nfriend Han Solo from the\r\nclutches of the vile gangster\r\nJabba the Hutt.\r\n\r\nLittle does Luke know that the\r\nGALACTIC EMPIRE has secretly\r\nbegun construction on a new\r\narmored space station even\r\nmore powerful than the first\r\ndreaded Death Star.\r\n\r\nWhen completed, this ultimate\r\nweapon will spell certain doom\r\nfor the small band of rebels\r\nstruggling to restore freedom\r\nto the galaxy...', 'director': 'Richard Marquand', 'producer': 'Howard G. Kazanjian, George Lucas, Rick McCallum', 'release_date': '1983-05-25'}, {'title': 'A New Hope', 'episode_id': 4, 'opening_crawl': ""It is a period of civil war.\r\nRebel spaceships, striking\r\nfrom a hidden base, have won\r\ntheir first victory against\r\nthe evil Galactic Empire.\r\n\r\nDuring the battle, Rebel\r\nspies managed to steal secret\r\nplans to the Empire's\r\nultimate weapon, the DEATH\r\nSTAR, an armored space\r\nstation with enough power\r\nto destroy an entire planet.\r\n\r\nPursued by the Empire's\r\nsinister agents, Princess\r\nLeia races home aboard her\r\nstarship, custodian of the\r\nstolen plans that can save her\r\npeople and restore\r\nfreedom to the galaxy...."", 'director': 'George Lucas', 'producer': 'Gary Kurtz, Rick McCallum', 'release_date': '1977-05-25'}, {'title': 'The Force Awakens', 'episode_id': 7, 'opening_crawl': ""Luke Skywalker has vanished.\r\nIn his absence, the sinister\r\nFIRST ORDER has risen from\r\nthe ashes of the Empire\r\nand will not rest until\r\nSkywalker, the last Jedi,\r\nhas been destroyed.\r\n \r\nWith the support of the\r\nREPUBLIC, General Leia Organa\r\nleads a brave RESISTANCE.\r\nShe is desperate to find her\r\nbrother Luke and gain his\r\nhelp in restoring peace and\r\njustice to the galaxy.\r\n \r\nLeia has sent her most daring\r\npilot on a secret mission\r\nto Jakku, where an old ally\r\nhas discovered a clue to\r\nLuke's whereabouts...."", 'director': 'J. J. Abrams', 'producer': 'Kathleen Kennedy, J. J. Abrams, Bryan Burk', 'release_date': '2015-12-11'}]","{'name': 'Human', 'classification': 'mammal', 'designation': 'sentient', 'average_height': '180', 'skin_colors': 'caucasian, black, asian, hispanic', 'hair_colors': 'blonde, brown, black, red', 'eye_colors': 'brown, blue, green, hazel, grey, amber', 'average_lifespan': '120', 'language': 'Galactic Basic'}"
44,Lobot,175,79,none,light,blue,37BBY,male,"{'name': 'Bespin', 'rotation_period': '12', 'orbital_period': '5110', 'diameter': '118000', 'climate': 'temperate', 'gravity': '1.5 (surface), 1 standard (Cloud City)', 'terrain': 'gas giant', 'surface_water': '0', 'population': '6000000'}","[{'title': 'The Empire Strikes Back', 'episode_id': 5, 'opening_crawl': 'It is a dark time for the\r\nRebellion. Although the Death\r\nStar has been destroyed,\r\nImperial troops have driven the\r\nRebel forces from their hidden\r\nbase and pursued them across\r\nthe galaxy.\r\n\r\nEvading the dreaded Imperial\r\nStarfleet, a group of freedom\r\nfighters led by Luke Skywalker\r\nhas established a new secret\r\nbase on the remote ice world\r\nof Hoth.\r\n\r\nThe evil lord Darth Vader,\r\nobsessed with finding young\r\nSkywalker, has dispatched\r\nthousands of remote probes into\r\nthe far reaches of space....', 'director': 'Irvin Kershner', 'producer': 'Gary Kurtz, Rick McCallum', 'release_date': '1980-05-17'}]","{'name': 'Human', 'classification': 'mammal', 'designation': 'sentient', 'average_height': '180', 'skin_colors': 'caucasian, black, asian, hispanic', 'hair_colors': 'blonde, brown, black, red', 'eye_colors': 'brown, blue, green, hazel, grey, amber', 'average_lifespan': '120', 'language': 'Galactic Basic'}"
45,Luke Skywalker,172,77,blond,fair,blue,19BBY,male,"{'name': 'Tatooine', 'rotation_period': '23', 'orbital_period': '304', 'diameter': '10465', 'climate': 'arid', 'gravity': '1 standard', 'terrain': 'desert', 'surface_water': '1', 'population': '200000'}","[{'title': 'The Empire Strikes Back', 'episode_id': 5, 'opening_crawl': 'It is a dark time for the\r\nRebellion. Although the Death\r\nStar has been destroyed,\r\nImperial troops have driven the\r\nRebel forces from their hidden\r\nbase and pursued them across\r\nthe galaxy.\r\n\r\nEvading the dreaded Imperial\r\nStarfleet, a group of freedom\r\nfighters led by Luke Skywalker\r\nhas established a new secret\r\nbase on the remote ice world\r\nof Hoth.\r\n\r\nThe evil lord Darth Vader,\r\nobsessed with finding young\r\nSkywalker, has dispatched\r\nthousands of remote probes into\r\nthe far reaches of space....', 'director': 'Irvin Kershner', 'producer': 'Gary Kurtz, Rick McCallum', 'release_date': '1980-05-17'}, {'title': 'Revenge of the Sith', 'episode_id': 3, 'opening_crawl': 'War! The Republic is crumbling\r\nunder attacks by the ruthless\r\nSith Lord, Count Dooku.\r\nThere are heroes on both sides.\r\nEvil is everywhere.\r\n\r\nIn a stunning move, the\r\nfiendish droid leader, General\r\nGrievous, has swept into the\r\nRepublic capital and kidnapped\r\nChancellor Palpatine, leader of\r\nthe Galactic Senate.\r\n\r\nAs the Separatist Droid Army\r\nattempts to flee the besieged\r\ncapital with their valuable\r\nhostage, two Jedi Knights lead a\r\ndesperate mission to rescue the\r\ncaptive Chancellor....', 'director': 'George Lucas', 'producer': 'Rick McCallum', 'release_date': '2005-05-19'}, {'title': 'Return of the Jedi', 'episode_id': 6, 'opening_crawl': 'Luke Skywalker has returned to\r\nhis home planet of Tatooine in\r\nan attempt to rescue his\r\nfriend Han Solo from the\r\nclutches of the vile gangster\r\nJabba the Hutt.\r\n\r\nLittle does Luke know that the\r\nGALACTIC EMPIRE has secretly\r\nbegun construction on a new\r\narmored space station even\r\nmore powerful than the first\r\ndreaded Death Star.\r\n\r\nWhen completed, this ultimate\r\nweapon will spell certain doom\r\nfor the small band of rebels\r\nstruggling to restore freedom\r\nto the galaxy...', 'director': 'Richard Marquand', 'producer': 'Howard G. Kazanjian, George Lucas, Rick McCallum', 'release_date': '1983-05-25'}, {'title': 'A New Hope', 'episode_id': 4, 'opening_crawl': ""It is a period of civil war.\r\nRebel spaceships, striking\r\nfrom a hidden base, have won\r\ntheir first victory against\r\nthe evil Galactic Empire.\r\n\r\nDuring the battle, Rebel\r\nspies managed to steal secret\r\nplans to the Empire's\r\nultimate weapon, the DEATH\r\nSTAR, an armored space\r\nstation with enough power\r\nto destroy an entire planet.\r\n\r\nPursued by the Empire's\r\nsinister agents, Princess\r\nLeia races home aboard her\r\nstarship, custodian of the\r\nstolen plans that can save her\r\npeople and restore\r\nfreedom to the galaxy...."", 'director': 'George Lucas', 'producer': 'Gary Kurtz, Rick McCallum', 'release_date': '1977-05-25'}, {'title': 'The Force Awakens', 'episode_id': 7, 'opening_crawl': ""Luke Skywalker has vanished.\r\nIn his absence, the sinister\r\nFIRST ORDER has risen from\r\nthe ashes of the Empire\r\nand will not rest until\r\nSkywalker, the last Jedi,\r\nhas been destroyed.\r\n \r\nWith the support of the\r\nREPUBLIC, General Leia Organa\r\nleads a brave RESISTANCE.\r\nShe is desperate to find her\r\nbrother Luke and gain his\r\nhelp in restoring peace and\r\njustice to the galaxy.\r\n \r\nLeia has sent her most daring\r\npilot on a secret mission\r\nto Jakku, where an old ally\r\nhas discovered a clue to\r\nLuke's whereabouts...."", 'director': 'J. J. Abrams', 'producer': 'Kathleen Kennedy, J. J. Abrams, Bryan Burk', 'release_date': '2015-12-11'}]","{'name': 'Human', 'classification': 'mammal', 'designation': 'sentient', 'average_height': '180', 'skin_colors': 'caucasian, black, asian, hispanic', 'hair_colors': 'blonde, brown, black, red', 'eye_colors': 'brown, blue, green, hazel, grey, amber', 'average_lifespan': '120', 'language': 'Galactic Basic'}"
46,Luminara Unduli,170,56.2,black,yellow,blue,58BBY,female,"{'name': 'Mirial', 'rotation_period': 'unknown', 'orbital_period': 'unknown', 'diameter': 'unknown', 'climate': 'unknown', 'gravity': 'unknown', 'terrain': 'deserts', 'surface_water': 'unknown', 'population': 'unknown'}","[{'title': 'Attack of the Clones', 'episode_id': 2, 'opening_crawl': 'There is unrest in the Galactic\r\nSenate. Several thousand solar\r\nsystems have declared their\r\nintentions to leave the Republic.\r\n\r\nThis separatist movement,\r\nunder the leadership of the\r\nmysterious Count Dooku, has\r\nmade it difficult for the limited\r\nnumber of Jedi Knights to maintain \r\npeace and order in the galaxy.\r\n\r\nSenator Amidala, the former\r\nQueen of Naboo, is returning\r\nto the Galactic Senate to vote\r\non the critical issue of creating\r\nan ARMY OF THE REPUBLIC\r\nto assist the overwhelmed\r\nJedi....', 'director': 'George Lucas', 'producer': 'Rick McCallum', 'release_date': '2002-05-16'}, {'title': 'Revenge of the Sith', 'episode_id': 3, 'opening_crawl': 'War! The Republic is crumbling\r\nunder attacks by the ruthless\r\nSith Lord, Count Dooku.\r\nThere are heroes on both sides.\r\nEvil is everywhere.\r\n\r\nIn a stunning move, the\r\nfiendish droid leader, General\r\nGrievous, has swept into the\r\nRepublic capital and kidnapped\r\nChancellor Palpatine, leader of\r\nthe Galactic Senate.\r\n\r\nAs the Separatist Droid Army\r\nattempts to flee the besieged\r\ncapital with their valuable\r\nhostage, two Jedi Knights lead a\r\ndesperate mission to rescue the\r\ncaptive Chancellor....', 'director': 'George Lucas', 'producer': 'Rick McCallum', 'release_date': '2005-05-19'}]","{'name': 'Mirialan', 'classification': 'mammal', 'designation': 'sentient', 'average_height': '180', 'skin_colors': 'yellow, green', 'hair_colors': 'black, brown', 'eye_colors': 'blue, green, red, yellow, brown, orange', 'average_lifespan': 'unknown', 'language': 'Mirialan'}"
47,Mace Windu,188,84,none,dark,brown,72BBY,male,"{'name': 'Haruun Kal', 'rotation_period': '25', 'orbital_period': '383', 'diameter': '10120', 'climate': 'temperate', 'gravity': '0.98', 'terrain': 'toxic cloudsea, plateaus, volcanoes', 'surface_water': 'unknown', 'population': '705300'}","[{'title': 'Attack of the Clones', 'episode_id': 2, 'opening_crawl': 'There is unrest in the Galactic\r\nSenate. Several thousand solar\r\nsystems have declared their\r\nintentions to leave the Republic.\r\n\r\nThis separatist movement,\r\nunder the leadership of the\r\nmysterious Count Dooku, has\r\nmade it difficult for the limited\r\nnumber of Jedi Knights to maintain \r\npeace and order in the galaxy.\r\n\r\nSenator Amidala, the former\r\nQueen of Naboo, is returning\r\nto the Galactic Senate to vote\r\non the critical issue of creating\r\nan ARMY OF THE REPUBLIC\r\nto assist the overwhelmed\r\nJedi....', 'director': 'George Lucas', 'producer': 'Rick McCallum', 'release_date': '2002-05-16'}, {'title': 'The Phantom Menace', 'episode_id': 1, 'opening_crawl': 'Turmoil has engulfed the\r\nGalactic Republic. The taxation\r\nof trade routes to outlying star\r\nsystems is in dispute.\r\n\r\nHoping to resolve the matter\r\nwith a blockade of deadly\r\nbattleships, the greedy Trade\r\nFederation has stopped all\r\nshipping to the small planet\r\nof Naboo.\r\n\r\nWhile the Congress of the\r\nRepublic endlessly debates\r\nthis alarming chain of events,\r\nthe Supreme Chancellor has\r\nsecretly dispatched two Jedi\r\nKnights, the guardians of\r\npeace and justice in the\r\ngalaxy, to settle the conflict....', 'director': 'George Lucas', 'producer': 'Rick McCallum', 'release_date': '1999-05-19'}, {'title': 'Revenge of the Sith', 'episode_id': 3, 'opening_crawl': 'War! The Republic is crumbling\r\nunder attacks by the ruthless\r\nSith Lord, Count Dooku.\r\nThere are heroes on both sides.\r\nEvil is everywhere.\r\n\r\nIn a stunning move, the\r\nfiendish droid leader, General\r\nGrievous, has swept into the\r\nRepublic capital and kidnapped\r\nChancellor Palpatine, leader of\r\nthe Galactic Senate.\r\n\r\nAs the Separatist Droid Army\r\nattempts to flee the besieged\r\ncapital with their valuable\r\nhostage, two Jedi Knights lead a\r\ndesperate mission to rescue the\r\ncaptive Chancellor....', 'director': 'George Lucas', 'producer': 'Rick McCallum', 'release_date': '2005-05-19'}]","{'name': 'Human', 'classification': 'mammal', 'designation': 'sentient', 'average_height': '180', 'skin_colors': 'caucasian, black, asian, hispanic', 'hair_colors': 'blonde, brown, black, red', 'eye_colors': 'brown, blue, green, hazel, grey, amber', 'average_lifespan': '120', 'language': 'Galactic Basic'}"
48,Mas Amedda,196,unknown,none,blue,blue,unknown,male,"{'name': 'Champala', 'rotation_period': '27', 'orbital_period': '318', 'diameter': 'unknown', 'climate': 'temperate', 'gravity': '1', 'terrain': 'oceans, rainforests, plateaus', 'surface_water': 'unknown', 'population': '3500000000'}","[{'title': 'Attack of the Clones', 'episode_id': 2, 'opening_crawl': 'There is unrest in the Galactic\r\nSenate. Several thousand solar\r\nsystems have declared their\r\nintentions to leave the Republic.\r\n\r\nThis separatist movement,\r\nunder the leadership of the\r\nmysterious Count Dooku, has\r\nmade it difficult for the limited\r\nnumber of Jedi Knights to maintain \r\npeace and order in the galaxy.\r\n\r\nSenator Amidala, the former\r\nQueen of Naboo, is returning\r\nto the Galactic Senate to vote\r\non the critical issue of creating\r\nan ARMY OF THE REPUBLIC\r\nto assist the overwhelmed\r\nJedi....', 'director': 'George Lucas', 'producer': 'Rick McCallum', 'release_date': '2002-05-16'}, {'title': 'The Phantom Menace', 'episode_id': 1, 'opening_crawl': 'Turmoil has engulfed the\r\nGalactic Republic. The taxation\r\nof trade routes to outlying star\r\nsystems is in dispute.\r\n\r\nHoping to resolve the matter\r\nwith a blockade of deadly\r\nbattleships, the greedy Trade\r\nFederation has stopped all\r\nshipping to the small planet\r\nof Naboo.\r\n\r\nWhile the Congress of the\r\nRepublic endlessly debates\r\nthis alarming chain of events,\r\nthe Supreme Chancellor has\r\nsecretly dispatched two Jedi\r\nKnights, the guardians of\r\npeace and justice in the\r\ngalaxy, to settle the conflict....', 'director': 'George Lucas', 'producer': 'Rick McCallum', 'release_date': '1999-05-19'}]","{'name': 'Chagrian', 'classification': 'amphibian', 'designation': 'sentient', 'average_height': '190', 'skin_colors': 'blue', 'hair_colors': 'none', 'eye_colors': 'blue', 'average_lifespan': 'unknown', 'language': 'Chagria'}"
49,Mon Mothma,150,unknown,auburn,fair,blue,48BBY,female,"{'name': 'Chandrila', 'rotation_period': '20', 'orbital_period': '368', 'diameter': '13500', 'climate': 'temperate', 'gravity': '1', 'terrain': 'plains, forests', 'surface_water': '40', 'population': '1200000000'}","[{'title': 'Return of the Jedi', 'episode_id': 6, 'opening_crawl': 'Luke Skywalker has returned to\r\nhis home planet of Tatooine in\r\nan attempt to rescue his\r\nfriend Han Solo from the\r\nclutches of the vile gangster\r\nJabba the Hutt.\r\n\r\nLittle does Luke know that the\r\nGALACTIC EMPIRE has secretly\r\nbegun construction on a new\r\narmored space station even\r\nmore powerful than the first\r\ndreaded Death Star.\r\n\r\nWhen completed, this ultimate\r\nweapon will spell certain doom\r\nfor the small band of rebels\r\nstruggling to restore freedom\r\nto the galaxy...', 'director': 'Richard Marquand', 'producer': 'Howard G. Kazanjian, George Lucas, Rick McCallum', 'release_date': '1983-05-25'}]","{'name': 'Human', 'classification': 'mammal', 'designation': 'sentient', 'average_height': '180', 'skin_colors': 'caucasian, black, asian, hispanic', 'hair_colors': 'blonde, brown, black, red', 'eye_colors': 'brown, blue, green, hazel, grey, amber', 'average_lifespan': '120', 'language': 'Galactic Basic'}"
50,Nien Nunb,160,68,none,grey,black,unknown,male,"{'name': 'Sullust', 'rotation_period': '20', 'orbital_period': '263', 'diameter': '12780', 'climate': 'superheated', 'gravity': '1', 'terrain': 'mountains, volcanoes, rocky deserts', 'surface_water': '5', 'population': '18500000000'}","[{'title': 'Return of the Jedi', 'episode_id': 6, 'opening_crawl': 'Luke Skywalker has returned to\r\nhis home planet of Tatooine in\r\nan attempt to rescue his\r\nfriend Han Solo from the\r\nclutches of the vile gangster\r\nJabba the Hutt.\r\n\r\nLittle does Luke know that the\r\nGALACTIC EMPIRE has secretly\r\nbegun construction on a new\r\narmored space station even\r\nmore powerful than the first\r\ndreaded Death Star.\r\n\r\nWhen completed, this ultimate\r\nweapon will spell certain doom\r\nfor the small band of rebels\r\nstruggling to restore freedom\r\nto the galaxy...', 'director': 'Richard Marquand', 'producer': 'Howard G. Kazanjian, George Lucas, Rick McCallum', 'release_date': '1983-05-25'}]","{'name': 'Sullustan', 'classification': 'mammal', 'designation': 'sentient', 'average_height': '180', 'skin_colors': 'pale', 'hair_colors': 'none', 'eye_colors': 'black', 'average_lifespan': 'unknown', 'language': 'Sullutese'}"
51,Nute Gunray,191,90,none,mottled green,red,unknown,male,"{'name': 'Cato Neimoidia', 'rotation_period': '25', 'orbital_period': '278', 'diameter': '0', 'climate': 'temperate, moist', 'gravity': '1 standard', 'terrain': 'mountains, fields, forests, rock arches', 'surface_water': 'unknown', 'population': '10000000'}","[{'title': 'Attack of the Clones', 'episode_id': 2, 'opening_crawl': 'There is unrest in the Galactic\r\nSenate. Several thousand solar\r\nsystems have declared their\r\nintentions to leave the Republic.\r\n\r\nThis separatist movement,\r\nunder the leadership of the\r\nmysterious Count Dooku, has\r\nmade it difficult for the limited\r\nnumber of Jedi Knights to maintain \r\npeace and order in the galaxy.\r\n\r\nSenator Amidala, the former\r\nQueen of Naboo, is returning\r\nto the Galactic Senate to vote\r\non the critical issue of creating\r\nan ARMY OF THE REPUBLIC\r\nto assist the overwhelmed\r\nJedi....', 'director': 'George Lucas', 'producer': 'Rick McCallum', 'release_date': '2002-05-16'}, {'title': 'The Phantom Menace', 'episode_id': 1, 'opening_crawl': 'Turmoil has engulfed the\r\nGalactic Republic. The taxation\r\nof trade routes to outlying star\r\nsystems is in dispute.\r\n\r\nHoping to resolve the matter\r\nwith a blockade of deadly\r\nbattleships, the greedy Trade\r\nFederation has stopped all\r\nshipping to the small planet\r\nof Naboo.\r\n\r\nWhile the Congress of the\r\nRepublic endlessly debates\r\nthis alarming chain of events,\r\nthe Supreme Chancellor has\r\nsecretly dispatched two Jedi\r\nKnights, the guardians of\r\npeace and justice in the\r\ngalaxy, to settle the conflict....', 'director': 'George Lucas', 'producer': 'Rick McCallum', 'release_date': '1999-05-19'}, {'title': 'Revenge of the Sith', 'episode_id': 3, 'opening_crawl': 'War! The Republic is crumbling\r\nunder attacks by the ruthless\r\nSith Lord, Count Dooku.\r\nThere are heroes on both sides.\r\nEvil is everywhere.\r\n\r\nIn a stunning move, the\r\nfiendish droid leader, General\r\nGrievous, has swept into the\r\nRepublic capital and kidnapped\r\nChancellor Palpatine, leader of\r\nthe Galactic Senate.\r\n\r\nAs the Separatist Droid Army\r\nattempts to flee the besieged\r\ncapital with their valuable\r\nhostage, two Jedi Knights lead a\r\ndesperate mission to rescue the\r\ncaptive Chancellor....', 'director': 'George Lucas', 'producer': 'Rick McCallum', 'release_date': '2005-05-19'}]","{'name': 'Neimodian', 'classification': 'unknown', 'designation': 'sentient', 'average_height': '180', 'skin_colors': 'grey, green', 'hair_colors': 'none', 'eye_colors': 'red, pink', 'average_lifespan': 'unknown', 'language': 'Neimoidia'}"
52,Obi-Wan Kenobi,182,77,"auburn, white",fair,blue-gray,57BBY,male,"{'name': 'Stewjon', 'rotation_period': 'unknown', 'orbital_period': 'unknown', 'diameter': '0', 'climate': 'temperate', 'gravity': '1 standard', 'terrain': 'grass', 'surface_water': 'unknown', 'population': 'unknown'}","[{'title': 'The Empire Strikes Back', 'episode_id': 5, 'opening_crawl': 'It is a dark time for the\r\nRebellion. Although the Death\r\nStar has been destroyed,\r\nImperial troops have driven the\r\nRebel forces from their hidden\r\nbase and pursued them across\r\nthe galaxy.\r\n\r\nEvading the dreaded Imperial\r\nStarfleet, a group of freedom\r\nfighters led by Luke Skywalker\r\nhas established a new secret\r\nbase on the remote ice world\r\nof Hoth.\r\n\r\nThe evil lord Darth Vader,\r\nobsessed with finding young\r\nSkywalker, has dispatched\r\nthousands of remote probes into\r\nthe far reaches of space....', 'director': 'Irvin Kershner', 'producer': 'Gary Kurtz, Rick McCallum', 'release_date': '1980-05-17'}, {'title': 'Attack of the Clones', 'episode_id': 2, 'opening_crawl': 'There is unrest in the Galactic\r\nSenate. Several thousand solar\r\nsystems have declared their\r\nintentions to leave the Republic.\r\n\r\nThis separatist movement,\r\nunder the leadership of the\r\nmysterious Count Dooku, has\r\nmade it difficult for the limited\r\nnumber of Jedi Knights to maintain \r\npeace and order in the galaxy.\r\n\r\nSenator Amidala, the former\r\nQueen of Naboo, is returning\r\nto the Galactic Senate to vote\r\non the critical issue of creating\r\nan ARMY OF THE REPUBLIC\r\nto assist the overwhelmed\r\nJedi....', 'director': 'George Lucas', 'producer': 'Rick McCallum', 'release_date': '2002-05-16'}, {'title': 'The Phantom Menace', 'episode_id': 1, 'opening_crawl': 'Turmoil has engulfed the\r\nGalactic Republic. The taxation\r\nof trade routes to outlying star\r\nsystems is in dispute.\r\n\r\nHoping to resolve the matter\r\nwith a blockade of deadly\r\nbattleships, the greedy Trade\r\nFederation has stopped all\r\nshipping to the small planet\r\nof Naboo.\r\n\r\nWhile the Congress of the\r\nRepublic endlessly debates\r\nthis alarming chain of events,\r\nthe Supreme Chancellor has\r\nsecretly dispatched two Jedi\r\nKnights, the guardians of\r\npeace and justice in the\r\ngalaxy, to settle the conflict....', 'director': 'George Lucas', 'producer': 'Rick McCallum', 'release_date': '1999-05-19'}, {'title': 'Revenge of the Sith', 'episode_id': 3, 'opening_crawl': 'War! The Republic is crumbling\r\nunder attacks by the ruthless\r\nSith Lord, Count Dooku.\r\nThere are heroes on both sides.\r\nEvil is everywhere.\r\n\r\nIn a stunning move, the\r\nfiendish droid leader, General\r\nGrievous, has swept into the\r\nRepublic capital and kidnapped\r\nChancellor Palpatine, leader of\r\nthe Galactic Senate.\r\n\r\nAs the Separatist Droid Army\r\nattempts to flee the besieged\r\ncapital with their valuable\r\nhostage, two Jedi Knights lead a\r\ndesperate mission to rescue the\r\ncaptive Chancellor....', 'director': 'George Lucas', 'producer': 'Rick McCallum', 'release_date': '2005-05-19'}, {'title': 'Return of the Jedi', 'episode_id': 6, 'opening_crawl': 'Luke Skywalker has returned to\r\nhis home planet of Tatooine in\r\nan attempt to rescue his\r\nfriend Han Solo from the\r\nclutches of the vile gangster\r\nJabba the Hutt.\r\n\r\nLittle does Luke know that the\r\nGALACTIC EMPIRE has secretly\r\nbegun construction on a new\r\narmored space station even\r\nmore powerful than the first\r\ndreaded Death Star.\r\n\r\nWhen completed, this ultimate\r\nweapon will spell certain doom\r\nfor the small band of rebels\r\nstruggling to restore freedom\r\nto the galaxy...', 'director': 'Richard Marquand', 'producer': 'Howard G. Kazanjian, George Lucas, Rick McCallum', 'release_date': '1983-05-25'}, {'title': 'A New Hope', 'episode_id': 4, 'opening_crawl': ""It is a period of civil war.\r\nRebel spaceships, striking\r\nfrom a hidden base, have won\r\ntheir first victory against\r\nthe evil Galactic Empire.\r\n\r\nDuring the battle, Rebel\r\nspies managed to steal secret\r\nplans to the Empire's\r\nultimate weapon, the DEATH\r\nSTAR, an armored space\r\nstation with enough power\r\nto destroy an entire planet.\r\n\r\nPursued by the Empire's\r\nsinister agents, Princess\r\nLeia races home aboard her\r\nstarship, custodian of the\r\nstolen plans that can save her\r\npeople and restore\r\nfreedom to the galaxy...."", 'director': 'George Lucas', 'producer': 'Gary Kurtz, Rick McCallum', 'release_date': '1977-05-25'}]","{'name': 'Human', 'classification': 'mammal', 'designation': 'sentient', 'average_height': '180', 'skin_colors': 'caucasian, black, asian, hispanic', 'hair_colors': 'blonde, brown, black, red', 'eye_colors': 'brown, blue, green, hazel, grey, amber', 'average_lifespan': '120', 'language': 'Galactic Basic'}"
53,Owen Lars,178,120,"brown, grey",light,blue,52BBY,male,"{'name': 'Tatooine', 'rotation_period': '23', 'orbital_period': '304', 'diameter': '10465', 'climate': 'arid', 'gravity': '1 standard', 'terrain': 'desert', 'surface_water': '1', 'population': '200000'}","[{'title': 'Attack of the Clones', 'episode_id': 2, 'opening_crawl': 'There is unrest in the Galactic\r\nSenate. Several thousand solar\r\nsystems have declared their\r\nintentions to leave the Republic.\r\n\r\nThis separatist movement,\r\nunder the leadership of the\r\nmysterious Count Dooku, has\r\nmade it difficult for the limited\r\nnumber of Jedi Knights to maintain \r\npeace and order in the galaxy.\r\n\r\nSenator Amidala, the former\r\nQueen of Naboo, is returning\r\nto the Galactic Senate to vote\r\non the critical issue of creating\r\nan ARMY OF THE REPUBLIC\r\nto assist the overwhelmed\r\nJedi....', 'director': 'George Lucas', 'producer': 'Rick McCallum', 'release_date': '2002-05-16'}, {'title': 'Revenge of the Sith', 'episode_id': 3, 'opening_crawl': 'War! The Republic is crumbling\r\nunder attacks by the ruthless\r\nSith Lord, Count Dooku.\r\nThere are heroes on both sides.\r\nEvil is everywhere.\r\n\r\nIn a stunning move, the\r\nfiendish droid leader, General\r\nGrievous, has swept into the\r\nRepublic capital and kidnapped\r\nChancellor Palpatine, leader of\r\nthe Galactic Senate.\r\n\r\nAs the Separatist Droid Army\r\nattempts to flee the besieged\r\ncapital with their valuable\r\nhostage, two Jedi Knights lead a\r\ndesperate mission to rescue the\r\ncaptive Chancellor....', 'director': 'George Lucas', 'producer': 'Rick McCallum', 'release_date': '2005-05-19'}, {'title': 'A New Hope', 'episode_id': 4, 'opening_crawl': ""It is a period of civil war.\r\nRebel spaceships, striking\r\nfrom a hidden base, have won\r\ntheir first victory against\r\nthe evil Galactic Empire.\r\n\r\nDuring the battle, Rebel\r\nspies managed to steal secret\r\nplans to the Empire's\r\nultimate weapon, the DEATH\r\nSTAR, an armored space\r\nstation with enough power\r\nto destroy an entire planet.\r\n\r\nPursued by the Empire's\r\nsinister agents, Princess\r\nLeia races home aboard her\r\nstarship, custodian of the\r\nstolen plans that can save her\r\npeople and restore\r\nfreedom to the galaxy...."", 'director': 'George Lucas', 'producer': 'Gary Kurtz, Rick McCallum', 'release_date': '1977-05-25'}]","{'name': 'Human', 'classification': 'mammal', 'designation': 'sentient', 'average_height': '180', 'skin_colors': 'caucasian, black, asian, hispanic', 'hair_colors': 'blonde, brown, black, red', 'eye_colors': 'brown, blue, green, hazel, grey, amber', 'average_lifespan': '120', 'language': 'Galactic Basic'}"
54,Padmé Amidala,165,45,brown,light,brown,46BBY,female,"{'name': 'Naboo', 'rotation_period': '26', 'orbital_period': '312', 'diameter': '12120', 'climate': 'temperate', 'gravity': '1 standard', 'terrain': 'grassy hills, swamps, forests, mountains', 'surface_water': '12', 'population': '4500000000'}","[{'title': 'Attack of the Clones', 'episode_id': 2, 'opening_crawl': 'There is unrest in the Galactic\r\nSenate. Several thousand solar\r\nsystems have declared their\r\nintentions to leave the Republic.\r\n\r\nThis separatist movement,\r\nunder the leadership of the\r\nmysterious Count Dooku, has\r\nmade it difficult for the limited\r\nnumber of Jedi Knights to maintain \r\npeace and order in the galaxy.\r\n\r\nSenator Amidala, the former\r\nQueen of Naboo, is returning\r\nto the Galactic Senate to vote\r\non the critical issue of creating\r\nan ARMY OF THE REPUBLIC\r\nto assist the overwhelmed\r\nJedi....', 'director': 'George Lucas', 'producer': 'Rick McCallum', 'release_date': '2002-05-16'}, {'title': 'The Phantom Menace', 'episode_id': 1, 'opening_crawl': 'Turmoil has engulfed the\r\nGalactic Republic. The taxation\r\nof trade routes to outlying star\r\nsystems is in dispute.\r\n\r\nHoping to resolve the matter\r\nwith a blockade of deadly\r\nbattleships, the greedy Trade\r\nFederation has stopped all\r\nshipping to the small planet\r\nof Naboo.\r\n\r\nWhile the Congress of the\r\nRepublic endlessly debates\r\nthis alarming chain of events,\r\nthe Supreme Chancellor has\r\nsecretly dispatched two Jedi\r\nKnights, the guardians of\r\npeace and justice in the\r\ngalaxy, to settle the conflict....', 'director': 'George Lucas', 'producer': 'Rick McCallum', 'release_date': '1999-05-19'}, {'title': 'Revenge of the Sith', 'episode_id': 3, 'opening_crawl': 'War! The Republic is crumbling\r\nunder attacks by the ruthless\r\nSith Lord, Count Dooku.\r\nThere are heroes on both sides.\r\nEvil is everywhere.\r\n\r\nIn a stunning move, the\r\nfiendish droid leader, General\r\nGrievous, has swept into the\r\nRepublic capital and kidnapped\r\nChancellor Palpatine, leader of\r\nthe Galactic Senate.\r\n\r\nAs the Separatist Droid Army\r\nattempts to flee the besieged\r\ncapital with their valuable\r\nhostage, two Jedi Knights lead a\r\ndesperate mission to rescue the\r\ncaptive Chancellor....', 'director': 'George Lucas', 'producer': 'Rick McCallum', 'release_date': '2005-05-19'}]","{'name': 'Human', 'classification': 'mammal', 'designation': 'sentient', 'average_height': '180', 'skin_colors': 'caucasian, black, asian, hispanic', 'hair_colors': 'blonde, brown, black, red', 'eye_colors': 'brown, blue, green, hazel, grey, amber', 'average_lifespan': '120', 'language': 'Galactic Basic'}"
55,Palpatine,170,75,grey,pale,yellow,82BBY,male,"{'name': 'Naboo', 'rotation_period': '26', 'orbital_period': '312', 'diameter': '12120', 'climate': 'temperate', 'gravity': '1 standard', 'terrain': 'grassy hills, swamps, forests, mountains', 'surface_water': '12', 'population': '4500000000'}","[{'title': 'The Empire Strikes Back', 'episode_id': 5, 'opening_crawl': 'It is a dark time for the\r\nRebellion. Although the Death\r\nStar has been destroyed,\r\nImperial troops have driven the\r\nRebel forces from their hidden\r\nbase and pursued them across\r\nthe galaxy.\r\n\r\nEvading the dreaded Imperial\r\nStarfleet, a group of freedom\r\nfighters led by Luke Skywalker\r\nhas established a new secret\r\nbase on the remote ice world\r\nof Hoth.\r\n\r\nThe evil lord Darth Vader,\r\nobsessed with finding young\r\nSkywalker, has dispatched\r\nthousands of remote probes into\r\nthe far reaches of space....', 'director': 'Irvin Kershner', 'producer': 'Gary Kurtz, Rick McCallum', 'release_date': '1980-05-17'}, {'title': 'Attack of the Clones', 'episode_id': 2, 'opening_crawl': 'There is unrest in the Galactic\r\nSenate. Several thousand solar\r\nsystems have declared their\r\nintentions to leave the Republic.\r\n\r\nThis separatist movement,\r\nunder the leadership of the\r\nmysterious Count Dooku, has\r\nmade it difficult for the limited\r\nnumber of Jedi Knights to maintain \r\npeace and order in the galaxy.\r\n\r\nSenator Amidala, the former\r\nQueen of Naboo, is returning\r\nto the Galactic Senate to vote\r\non the critical issue of creating\r\nan ARMY OF THE REPUBLIC\r\nto assist the overwhelmed\r\nJedi....', 'director': 'George Lucas', 'producer': 'Rick McCallum', 'release_date': '2002-05-16'}, {'title': 'The Phantom Menace', 'episode_id': 1, 'opening_crawl': 'Turmoil has engulfed the\r\nGalactic Republic. The taxation\r\nof trade routes to outlying star\r\nsystems is in dispute.\r\n\r\nHoping to resolve the matter\r\nwith a blockade of deadly\r\nbattleships, the greedy Trade\r\nFederation has stopped all\r\nshipping to the small planet\r\nof Naboo.\r\n\r\nWhile the Congress of the\r\nRepublic endlessly debates\r\nthis alarming chain of events,\r\nthe Supreme Chancellor has\r\nsecretly dispatched two Jedi\r\nKnights, the guardians of\r\npeace and justice in the\r\ngalaxy, to settle the conflict....', 'director': 'George Lucas', 'producer': 'Rick McCallum', 'release_date': '1999-05-19'}, {'title': 'Revenge of the Sith', 'episode_id': 3, 'opening_crawl': 'War! The Republic is crumbling\r\nunder attacks by the ruthless\r\nSith Lord, Count Dooku.\r\nThere are heroes on both sides.\r\nEvil is everywhere.\r\n\r\nIn a stunning move, the\r\nfiendish droid leader, General\r\nGrievous, has swept into the\r\nRepublic capital and kidnapped\r\nChancellor Palpatine, leader of\r\nthe Galactic Senate.\r\n\r\nAs the Separatist Droid Army\r\nattempts to flee the besieged\r\ncapital with their valuable\r\nhostage, two Jedi Knights lead a\r\ndesperate mission to rescue the\r\ncaptive Chancellor....', 'director': 'George Lucas', 'producer': 'Rick McCallum', 'release_date': '2005-05-19'}, {'title': 'Return of the Jedi', 'episode_id': 6, 'opening_crawl': 'Luke Skywalker has returned to\r\nhis home planet of Tatooine in\r\nan attempt to rescue his\r\nfriend Han Solo from the\r\nclutches of the vile gangster\r\nJabba the Hutt.\r\n\r\nLittle does Luke know that the\r\nGALACTIC EMPIRE has secretly\r\nbegun construction on a new\r\narmored space station even\r\nmore powerful than the first\r\ndreaded Death Star.\r\n\r\nWhen completed, this ultimate\r\nweapon will spell certain doom\r\nfor the small band of rebels\r\nstruggling to restore freedom\r\nto the galaxy...', 'director': 'Richard Marquand', 'producer': 'Howard G. Kazanjian, George Lucas, Rick McCallum', 'release_date': '1983-05-25'}]","{'name': 'Human', 'classification': 'mammal', 'designation': 'sentient', 'average_height': '180', 'skin_colors': 'caucasian, black, asian, hispanic', 'hair_colors': 'blonde, brown, black, red', 'eye_colors': 'brown, blue, green, hazel, grey, amber', 'average_lifespan': '120', 'language': 'Galactic Basic'}"
56,Plo Koon,188,80,none,orange,black,22BBY,male,"{'name': 'Dorin', 'rotation_period': '22', 'orbital_period': '409', 'diameter': '13400', 'climate': 'temperate', 'gravity': '1', 'terrain': 'unknown', 'surface_water': 'unknown', 'population': 'unknown'}","[{'title': 'Attack of the Clones', 'episode_id': 2, 'opening_crawl': 'There is unrest in the Galactic\r\nSenate. Several thousand solar\r\nsystems have declared their\r\nintentions to leave the Republic.\r\n\r\nThis separatist movement,\r\nunder the leadership of the\r\nmysterious Count Dooku, has\r\nmade it difficult for the limited\r\nnumber of Jedi Knights to maintain \r\npeace and order in the galaxy.\r\n\r\nSenator Amidala, the former\r\nQueen of Naboo, is returning\r\nto the Galactic Senate to vote\r\non the critical issue of creating\r\nan ARMY OF THE REPUBLIC\r\nto assist the overwhelmed\r\nJedi....', 'director': 'George Lucas', 'producer': 'Rick McCallum', 'release_date': '2002-05-16'}, {'title': 'The Phantom Menace', 'episode_id': 1, 'opening_crawl': 'Turmoil has engulfed the\r\nGalactic Republic. The taxation\r\nof trade routes to outlying star\r\nsystems is in dispute.\r\n\r\nHoping to resolve the matter\r\nwith a blockade of deadly\r\nbattleships, the greedy Trade\r\nFederation has stopped all\r\nshipping to the small planet\r\nof Naboo.\r\n\r\nWhile the Congress of the\r\nRepublic endlessly debates\r\nthis alarming chain of events,\r\nthe Supreme Chancellor has\r\nsecretly dispatched two Jedi\r\nKnights, the guardians of\r\npeace and justice in the\r\ngalaxy, to settle the conflict....', 'director': 'George Lucas', 'producer': 'Rick McCallum', 'release_date': '1999-05-19'}, {'title': 'Revenge of the Sith', 'episode_id': 3, 'opening_crawl': 'War! The Republic is crumbling\r\nunder attacks by the ruthless\r\nSith Lord, Count Dooku.\r\nThere are heroes on both sides.\r\nEvil is everywhere.\r\n\r\nIn a stunning move, the\r\nfiendish droid leader, General\r\nGrievous, has swept into the\r\nRepublic capital and kidnapped\r\nChancellor Palpatine, leader of\r\nthe Galactic Senate.\r\n\r\nAs the Separatist Droid Army\r\nattempts to flee the besieged\r\ncapital with their valuable\r\nhostage, two Jedi Knights lead a\r\ndesperate mission to rescue the\r\ncaptive Chancellor....', 'director': 'George Lucas', 'producer': 'Rick McCallum', 'release_date': '2005-05-19'}]","{'name': 'Kel Dor', 'classification': 'unknown', 'designation': 'sentient', 'average_height': '180', 'skin_colors': 'peach, orange, red', 'hair_colors': 'none', 'eye_colors': 'black, silver', 'average_lifespan': '70', 'language': 'Kel Dor'}"
57,Poe Dameron,unknown,unknown,brown,light,brown,unknown,male,"{'name': 'unknown', 'rotation_period': '0', 'orbital_period': '0', 'diameter': '0', 'climate': 'unknown', 'gravity': 'unknown', 'terrain': 'unknown', 'surface_water': 'unknown', 'population': 'unknown'}","[{'title': 'The Force Awakens', 'episode_id': 7, 'opening_crawl': ""Luke Skywalker has vanished.\r\nIn his absence, the sinister\r\nFIRST ORDER has risen from\r\nthe ashes of the Empire\r\nand will not rest until\r\nSkywalker, the last Jedi,\r\nhas been destroyed.\r\n \r\nWith the support of the\r\nREPUBLIC, General Leia Organa\r\nleads a brave RESISTANCE.\r\nShe is desperate to find her\r\nbrother Luke and gain his\r\nhelp in restoring peace and\r\njustice to the galaxy.\r\n \r\nLeia has sent her most daring\r\npilot on a secret mission\r\nto Jakku, where an old ally\r\nhas discovered a clue to\r\nLuke's whereabouts...."", 'director': 'J. J. Abrams', 'producer': 'Kathleen Kennedy, J. J. Abrams, Bryan Burk', 'release_date': '2015-12-11'}]","{'name': 'Human', 'classification': 'mammal', 'designation': 'sentient', 'average_height': '180', 'skin_colors': 'caucasian, black, asian, hispanic', 'hair_colors': 'blonde, brown, black, red', 'eye_colors': 'brown, blue, green, hazel, grey, amber', 'average_lifespan': '120', 'language': 'Galactic Basic'}"
58,Poggle the Lesser,183,80,none,green,yellow,unknown,male,"{'name': 'Geonosis', 'rotation_period': '30', 'orbital_period': '256', 'diameter': '11370', 'climate': 'temperate, arid', 'gravity': '0.9 standard', 'terrain': 'rock, desert, mountain, barren', 'surface_water': '5', 'population': '100000000000'}","[{'title': 'Attack of the Clones', 'episode_id': 2, 'opening_crawl': 'There is unrest in the Galactic\r\nSenate. Several thousand solar\r\nsystems have declared their\r\nintentions to leave the Republic.\r\n\r\nThis separatist movement,\r\nunder the leadership of the\r\nmysterious Count Dooku, has\r\nmade it difficult for the limited\r\nnumber of Jedi Knights to maintain \r\npeace and order in the galaxy.\r\n\r\nSenator Amidala, the former\r\nQueen of Naboo, is returning\r\nto the Galactic Senate to vote\r\non the critical issue of creating\r\nan ARMY OF THE REPUBLIC\r\nto assist the overwhelmed\r\nJedi....', 'director': 'George Lucas', 'producer': 'Rick McCallum', 'release_date': '2002-05-16'}, {'title': 'Revenge of the Sith', 'episode_id': 3, 'opening_crawl': 'War! The Republic is crumbling\r\nunder attacks by the ruthless\r\nSith Lord, Count Dooku.\r\nThere are heroes on both sides.\r\nEvil is everywhere.\r\n\r\nIn a stunning move, the\r\nfiendish droid leader, General\r\nGrievous, has swept into the\r\nRepublic capital and kidnapped\r\nChancellor Palpatine, leader of\r\nthe Galactic Senate.\r\n\r\nAs the Separatist Droid Army\r\nattempts to flee the besieged\r\ncapital with their valuable\r\nhostage, two Jedi Knights lead a\r\ndesperate mission to rescue the\r\ncaptive Chancellor....', 'director': 'George Lucas', 'producer': 'Rick McCallum', 'release_date': '2005-05-19'}]","{'name': 'Geonosian', 'classification': 'insectoid', 'designation': 'sentient', 'average_height': '178', 'skin_colors': 'green, brown', 'hair_colors': 'none', 'eye_colors': 'green, hazel', 'average_lifespan': 'unknown', 'language': 'Geonosian'}"
59,Quarsh Panaka,183,unknown,black,dark,brown,62BBY,male,"{'name': 'Naboo', 'rotation_period': '26', 'orbital_period': '312', 'diameter': '12120', 'climate': 'temperate', 'gravity': '1 standard', 'terrain': 'grassy hills, swamps, forests, mountains', 'surface_water': '12', 'population': '4500000000'}","[{'title': 'The Phantom Menace', 'episode_id': 1, 'opening_crawl': 'Turmoil has engulfed the\r\nGalactic Republic. The taxation\r\nof trade routes to outlying star\r\nsystems is in dispute.\r\n\r\nHoping to resolve the matter\r\nwith a blockade of deadly\r\nbattleships, the greedy Trade\r\nFederation has stopped all\r\nshipping to the small planet\r\nof Naboo.\r\n\r\nWhile the Congress of the\r\nRepublic endlessly debates\r\nthis alarming chain of events,\r\nthe Supreme Chancellor has\r\nsecretly dispatched two Jedi\r\nKnights, the guardians of\r\npeace and justice in the\r\ngalaxy, to settle the conflict....', 'director': 'George Lucas', 'producer': 'Rick McCallum', 'release_date': '1999-05-19'}]",[]
60,Qui-Gon Jinn,193,89,brown,fair,blue,92BBY,male,"{'name': 'unknown', 'rotation_period': '0', 'orbital_period': '0', 'diameter': '0', 'climate': 'unknown', 'gravity': 'unknown', 'terrain': 'unknown', 'surface_water': 'unknown', 'population': 'unknown'}","[{'title': 'The Phantom Menace', 'episode_id': 1, 'opening_crawl': 'Turmoil has engulfed the\r\nGalactic Republic. The taxation\r\nof trade routes to outlying star\r\nsystems is in dispute.\r\n\r\nHoping to resolve the matter\r\nwith a blockade of deadly\r\nbattleships, the greedy Trade\r\nFederation has stopped all\r\nshipping to the small planet\r\nof Naboo.\r\n\r\nWhile the Congress of the\r\nRepublic endlessly debates\r\nthis alarming chain of events,\r\nthe Supreme Chancellor has\r\nsecretly dispatched two Jedi\r\nKnights, the guardians of\r\npeace and justice in the\r\ngalaxy, to settle the conflict....', 'director': 'George Lucas', 'producer': 'Rick McCallum', 'release_date': '1999-05-19'}]","{'name': 'Human', 'classification': 'mammal', 'designation': 'sentient', 'average_height': '180', 'skin_colors': 'caucasian, black, asian, hispanic', 'hair_colors': 'blonde, brown, black, red', 'eye_colors': 'brown, blue, green, hazel, grey, amber', 'average_lifespan': '120', 'language': 'Galactic Basic'}"
61,R2-D2,96,32,n/a,"white, blue",red,33BBY,n/a,"{'name': 'Naboo', 'rotation_period': '26', 'orbital_period': '312', 'diameter': '12120', 'climate': 'temperate', 'gravity': '1 standard', 'terrain': 'grassy hills, swamps, forests, mountains', 'surface_water': '12', 'population': '4500000000'}","[{'title': 'The Empire Strikes Back', 'episode_id': 5, 'opening_crawl': 'It is a dark time for the\r\nRebellion. Although the Death\r\nStar has been destroyed,\r\nImperial troops have driven the\r\nRebel forces from their hidden\r\nbase and pursued them across\r\nthe galaxy.\r\n\r\nEvading the dreaded Imperial\r\nStarfleet, a group of freedom\r\nfighters led by Luke Skywalker\r\nhas established a new secret\r\nbase on the remote ice world\r\nof Hoth.\r\n\r\nThe evil lord Darth Vader,\r\nobsessed with finding young\r\nSkywalker, has dispatched\r\nthousands of remote probes into\r\nthe far reaches of space....', 'director': 'Irvin Kershner', 'producer': 'Gary Kurtz, Rick McCallum', 'release_date': '1980-05-17'}, {'title': 'Attack of the Clones', 'episode_id': 2, 'opening_crawl': 'There is unrest in the Galactic\r\nSenate. Several thousand solar\r\nsystems have declared their\r\nintentions to leave the Republic.\r\n\r\nThis separatist movement,\r\nunder the leadership of the\r\nmysterious Count Dooku, has\r\nmade it difficult for the limited\r\nnumber of Jedi Knights to maintain \r\npeace and order in the galaxy.\r\n\r\nSenator Amidala, the former\r\nQueen of Naboo, is returning\r\nto the Galactic Senate to vote\r\non the critical issue of creating\r\nan ARMY OF THE REPUBLIC\r\nto assist the overwhelmed\r\nJedi....', 'director': 'George Lucas', 'producer': 'Rick McCallum', 'release_date': '2002-05-16'}, {'title': 'The Phantom Menace', 'episode_id': 1, 'opening_crawl': 'Turmoil has engulfed the\r\nGalactic Republic. The taxation\r\nof trade routes to outlying star\r\nsystems is in dispute.\r\n\r\nHoping to resolve the matter\r\nwith a blockade of deadly\r\nbattleships, the greedy Trade\r\nFederation has stopped all\r\nshipping to the small planet\r\nof Naboo.\r\n\r\nWhile the Congress of the\r\nRepublic endlessly debates\r\nthis alarming chain of events,\r\nthe Supreme Chancellor has\r\nsecretly dispatched two Jedi\r\nKnights, the guardians of\r\npeace and justice in the\r\ngalaxy, to settle the conflict....', 'director': 'George Lucas', 'producer': 'Rick McCallum', 'release_date': '1999-05-19'}, {'title': 'Revenge of the Sith', 'episode_id': 3, 'opening_crawl': 'War! The Republic is crumbling\r\nunder attacks by the ruthless\r\nSith Lord, Count Dooku.\r\nThere are heroes on both sides.\r\nEvil is everywhere.\r\n\r\nIn a stunning move, the\r\nfiendish droid leader, General\r\nGrievous, has swept into the\r\nRepublic capital and kidnapped\r\nChancellor Palpatine, leader of\r\nthe Galactic Senate.\r\n\r\nAs the Separatist Droid Army\r\nattempts to flee the besieged\r\ncapital with their valuable\r\nhostage, two Jedi Knights lead a\r\ndesperate mission to rescue the\r\ncaptive Chancellor....', 'director': 'George Lucas', 'producer': 'Rick McCallum', 'release_date': '2005-05-19'}, {'title': 'Return of the Jedi', 'episode_id': 6, 'opening_crawl': 'Luke Skywalker has returned to\r\nhis home planet of Tatooine in\r\nan attempt to rescue his\r\nfriend Han Solo from the\r\nclutches of the vile gangster\r\nJabba the Hutt.\r\n\r\nLittle does Luke know that the\r\nGALACTIC EMPIRE has secretly\r\nbegun construction on a new\r\narmored space station even\r\nmore powerful than the first\r\ndreaded Death Star.\r\n\r\nWhen completed, this ultimate\r\nweapon will spell certain doom\r\nfor the small band of rebels\r\nstruggling to restore freedom\r\nto the galaxy...', 'director': 'Richard Marquand', 'producer': 'Howard G. Kazanjian, George Lucas, Rick McCallum', 'release_date': '1983-05-25'}, {'title': 'A New Hope', 'episode_id': 4, 'opening_crawl': ""It is a period of civil war.\r\nRebel spaceships, striking\r\nfrom a hidden base, have won\r\ntheir first victory against\r\nthe evil Galactic Empire.\r\n\r\nDuring the battle, Rebel\r\nspies managed to steal secret\r\nplans to the Empire's\r\nultimate weapon, the DEATH\r\nSTAR, an armored space\r\nstation with enough power\r\nto destroy an entire planet.\r\n\r\nPursued by the Empire's\r\nsinister agents, Princess\r\nLeia races home aboard her\r\nstarship, custodian of the\r\nstolen plans that can save her\r\npeople and restore\r\nfreedom to the galaxy...."", 'director': 'George Lucas', 'producer': 'Gary Kurtz, Rick McCallum', 'release_date': '1977-05-25'}, {'title': 'The Force Awakens', 'episode_id': 7, 'opening_crawl': ""Luke Skywalker has vanished.\r\nIn his absence, the sinister\r\nFIRST ORDER has risen from\r\nthe ashes of the Empire\r\nand will not rest until\r\nSkywalker, the last Jedi,\r\nhas been destroyed.\r\n \r\nWith the support of the\r\nREPUBLIC, General Leia Organa\r\nleads a brave RESISTANCE.\r\nShe is desperate to find her\r\nbrother Luke and gain his\r\nhelp in restoring peace and\r\njustice to the galaxy.\r\n \r\nLeia has sent her most daring\r\npilot on a secret mission\r\nto Jakku, where an old ally\r\nhas discovered a clue to\r\nLuke's whereabouts...."", 'director': 'J. J. Abrams', 'producer': 'Kathleen Kennedy, J. J. Abrams, Bryan Burk', 'release_date': '2015-12-11'}]","{'name': 'Droid', 'classification': 'artificial', 'designation': 'sentient', 'average_height': 'n/a', 'skin_colors': 'n/a', 'hair_colors': 'n/a', 'eye_colors': 'n/a', 'average_lifespan': 'indefinite', 'language': 'n/a'}"
62,R4-P17,96,unknown,none,"silver, red","red, blue",unknown,female,"{'name': 'unknown', 'rotation_period': '0', 'orbital_period': '0', 'diameter': '0', 'climate': 'unknown', 'gravity': 'unknown', 'terrain': 'unknown', 'surface_water': 'unknown', 'population': 'unknown'}","[{'title': 'Attack of the Clones', 'episode_id': 2, 'opening_crawl': 'There is unrest in the Galactic\r\nSenate. Several thousand solar\r\nsystems have declared their\r\nintentions to leave the Republic.\r\n\r\nThis separatist movement,\r\nunder the leadership of the\r\nmysterious Count Dooku, has\r\nmade it difficult for the limited\r\nnumber of Jedi Knights to maintain \r\npeace and order in the galaxy.\r\n\r\nSenator Amidala, the former\r\nQueen of Naboo, is returning\r\nto the Galactic Senate to vote\r\non the critical issue of creating\r\nan ARMY OF THE REPUBLIC\r\nto assist the overwhelmed\r\nJedi....', 'director': 'George Lucas', 'producer': 'Rick McCallum', 'release_date': '2002-05-16'}, {'title': 'Revenge of the Sith', 'episode_id': 3, 'opening_crawl': 'War! The Republic is crumbling\r\nunder attacks by the ruthless\r\nSith Lord, Count Dooku.\r\nThere are heroes on both sides.\r\nEvil is everywhere.\r\n\r\nIn a stunning move, the\r\nfiendish droid leader, General\r\nGrievous, has swept into the\r\nRepublic capital and kidnapped\r\nChancellor Palpatine, leader of\r\nthe Galactic Senate.\r\n\r\nAs the Separatist Droid Army\r\nattempts to flee the besieged\r\ncapital with their valuable\r\nhostage, two Jedi Knights lead a\r\ndesperate mission to rescue the\r\ncaptive Chancellor....', 'director': 'George Lucas', 'producer': 'Rick McCallum', 'release_date': '2005-05-19'}]",[]
63,R5-D4,97,32,n/a,"white, red",red,unknown,n/a,"{'name': 'Tatooine', 'rotation_period': '23', 'orbital_period': '304', 'diameter': '10465', 'climate': 'arid', 'gravity': '1 standard', 'terrain': 'desert', 'surface_water': '1', 'population': '200000'}","[{'title': 'A New Hope', 'episode_id': 4, 'opening_crawl': ""It is a period of civil war.\r\nRebel spaceships, striking\r\nfrom a hidden base, have won\r\ntheir first victory against\r\nthe evil Galactic Empire.\r\n\r\nDuring the battle, Rebel\r\nspies managed to steal secret\r\nplans to the Empire's\r\nultimate weapon, the DEATH\r\nSTAR, an armored space\r\nstation with enough power\r\nto destroy an entire planet.\r\n\r\nPursued by the Empire's\r\nsinister agents, Princess\r\nLeia races home aboard her\r\nstarship, custodian of the\r\nstolen plans that can save her\r\npeople and restore\r\nfreedom to the galaxy...."", 'director': 'George Lucas', 'producer': 'Gary Kurtz, Rick McCallum', 'release_date': '1977-05-25'}]","{'name': 'Droid', 'classification': 'artificial', 'designation': 'sentient', 'average_height': 'n/a', 'skin_colors': 'n/a', 'hair_colors': 'n/a', 'eye_colors': 'n/a', 'average_lifespan': 'indefinite', 'language': 'n/a'}"
64,Ratts Tyerell,79,15,none,"grey, blue",unknown,unknown,male,"{'name': 'Aleen Minor', 'rotation_period': 'unknown', 'orbital_period': 'unknown', 'diameter': 'unknown', 'climate': 'unknown', 'gravity': 'unknown', 'terrain': 'unknown', 'surface_water': 'unknown', 'population': 'unknown'}","[{'title': 'The Phantom Menace', 'episode_id': 1, 'opening_crawl': 'Turmoil has engulfed the\r\nGalactic Republic. The taxation\r\nof trade routes to outlying star\r\nsystems is in dispute.\r\n\r\nHoping to resolve the matter\r\nwith a blockade of deadly\r\nbattleships, the greedy Trade\r\nFederation has stopped all\r\nshipping to the small planet\r\nof Naboo.\r\n\r\nWhile the Congress of the\r\nRepublic endlessly debates\r\nthis alarming chain of events,\r\nthe Supreme Chancellor has\r\nsecretly dispatched two Jedi\r\nKnights, the guardians of\r\npeace and justice in the\r\ngalaxy, to settle the conflict....', 'director': 'George Lucas', 'producer': 'Rick McCallum', 'release_date': '1999-05-19'}]","{'name': 'Aleena', 'classification': 'reptile', 'designation': 'sentient', 'average_height': '80', 'skin_colors': 'blue, gray', 'hair_colors': 'none', 'eye_colors': 'unknown', 'average_lifespan': '79', 'language': 'Aleena'}"
65,Raymus Antilles,188,79,brown,light,brown,unknown,male,"{'name': 'Alderaan', 'rotation_period': '24', 'orbital_period': '364', 'diameter': '12500', 'climate': 'temperate', 'gravity': '1 standard', 'terrain': 'grasslands, mountains', 'surface_water': '40', 'population': '2000000000'}","[{'title': 'Revenge of the Sith', 'episode_id': 3, 'opening_crawl': 'War! The Republic is crumbling\r\nunder attacks by the ruthless\r\nSith Lord, Count Dooku.\r\nThere are heroes on both sides.\r\nEvil is everywhere.\r\n\r\nIn a stunning move, the\r\nfiendish droid leader, General\r\nGrievous, has swept into the\r\nRepublic capital and kidnapped\r\nChancellor Palpatine, leader of\r\nthe Galactic Senate.\r\n\r\nAs the Separatist Droid Army\r\nattempts to flee the besieged\r\ncapital with their valuable\r\nhostage, two Jedi Knights lead a\r\ndesperate mission to rescue the\r\ncaptive Chancellor....', 'director': 'George Lucas', 'producer': 'Rick McCallum', 'release_date': '2005-05-19'}, {'title': 'A New Hope', 'episode_id': 4, 'opening_crawl': ""It is a period of civil war.\r\nRebel spaceships, striking\r\nfrom a hidden base, have won\r\ntheir first victory against\r\nthe evil Galactic Empire.\r\n\r\nDuring the battle, Rebel\r\nspies managed to steal secret\r\nplans to the Empire's\r\nultimate weapon, the DEATH\r\nSTAR, an armored space\r\nstation with enough power\r\nto destroy an entire planet.\r\n\r\nPursued by the Empire's\r\nsinister agents, Princess\r\nLeia races home aboard her\r\nstarship, custodian of the\r\nstolen plans that can save her\r\npeople and restore\r\nfreedom to the galaxy...."", 'director': 'George Lucas', 'producer': 'Gary Kurtz, Rick McCallum', 'release_date': '1977-05-25'}]","{'name': 'Human', 'classification': 'mammal', 'designation': 'sentient', 'average_height': '180', 'skin_colors': 'caucasian, black, asian, hispanic', 'hair_colors': 'blonde, brown, black, red', 'eye_colors': 'brown, blue, green, hazel, grey, amber', 'average_lifespan': '120', 'language': 'Galactic Basic'}"
66,Rey,unknown,unknown,brown,light,hazel,unknown,female,"{'name': 'unknown', 'rotation_period': '0', 'orbital_period': '0', 'diameter': '0', 'climate': 'unknown', 'gravity': 'unknown', 'terrain': 'unknown', 'surface_water': 'unknown', 'population': 'unknown'}","[{'title': 'The Force Awakens', 'episode_id': 7, 'opening_crawl': ""Luke Skywalker has vanished.\r\nIn his absence, the sinister\r\nFIRST ORDER has risen from\r\nthe ashes of the Empire\r\nand will not rest until\r\nSkywalker, the last Jedi,\r\nhas been destroyed.\r\n \r\nWith the support of the\r\nREPUBLIC, General Leia Organa\r\nleads a brave RESISTANCE.\r\nShe is desperate to find her\r\nbrother Luke and gain his\r\nhelp in restoring peace and\r\njustice to the galaxy.\r\n \r\nLeia has sent her most daring\r\npilot on a secret mission\r\nto Jakku, where an old ally\r\nhas discovered a clue to\r\nLuke's whereabouts...."", 'director': 'J. J. Abrams', 'producer': 'Kathleen Kennedy, J. J. Abrams, Bryan Burk', 'release_date': '2015-12-11'}]","{'name': 'Human', 'classification': 'mammal', 'designation': 'sentient', 'average_height': '180', 'skin_colors': 'caucasian, black, asian, hispanic', 'hair_colors': 'blonde, brown, black, red', 'eye_colors': 'brown, blue, green, hazel, grey, amber', 'average_lifespan': '120', 'language': 'Galactic Basic'}"
67,Ric Olié,183,unknown,brown,fair,blue,unknown,male,"{'name': 'Naboo', 'rotation_period': '26', 'orbital_period': '312', 'diameter': '12120', 'climate': 'temperate', 'gravity': '1 standard', 'terrain': 'grassy hills, swamps, forests, mountains', 'surface_water': '12', 'population': '4500000000'}","[{'title': 'The Phantom Menace', 'episode_id': 1, 'opening_crawl': 'Turmoil has engulfed the\r\nGalactic Republic. The taxation\r\nof trade routes to outlying star\r\nsystems is in dispute.\r\n\r\nHoping to resolve the matter\r\nwith a blockade of deadly\r\nbattleships, the greedy Trade\r\nFederation has stopped all\r\nshipping to the small planet\r\nof Naboo.\r\n\r\nWhile the Congress of the\r\nRepublic endlessly debates\r\nthis alarming chain of events,\r\nthe Supreme Chancellor has\r\nsecretly dispatched two Jedi\r\nKnights, the guardians of\r\npeace and justice in the\r\ngalaxy, to settle the conflict....', 'director': 'George Lucas', 'producer': 'Rick McCallum', 'release_date': '1999-05-19'}]",[]
68,Roos Tarpals,224,82,none,grey,orange,unknown,male,"{'name': 'Naboo', 'rotation_period': '26', 'orbital_period': '312', 'diameter': '12120', 'climate': 'temperate', 'gravity': '1 standard', 'terrain': 'grassy hills, swamps, forests, mountains', 'surface_water': '12', 'population': '4500000000'}","[{'title': 'The Phantom Menace', 'episode_id': 1, 'opening_crawl': 'Turmoil has engulfed the\r\nGalactic Republic. The taxation\r\nof trade routes to outlying star\r\nsystems is in dispute.\r\n\r\nHoping to resolve the matter\r\nwith a blockade of deadly\r\nbattleships, the greedy Trade\r\nFederation has stopped all\r\nshipping to the small planet\r\nof Naboo.\r\n\r\nWhile the Congress of the\r\nRepublic endlessly debates\r\nthis alarming chain of events,\r\nthe Supreme Chancellor has\r\nsecretly dispatched two Jedi\r\nKnights, the guardians of\r\npeace and justice in the\r\ngalaxy, to settle the conflict....', 'director': 'George Lucas', 'producer': 'Rick McCallum', 'release_date': '1999-05-19'}]","{'name': 'Gungan', 'classification': 'amphibian', 'designation': 'sentient', 'average_height': '190', 'skin_colors': 'brown, green', 'hair_colors': 'none', 'eye_colors': 'orange', 'average_lifespan': 'unknown', 'language': 'Gungan basic'}"
69,Rugor Nass,206,unknown,none,green,orange,unknown,male,"{'name': 'Naboo', 'rotation_period': '26', 'orbital_period': '312', 'diameter': '12120', 'climate': 'temperate', 'gravity': '1 standard', 'terrain': 'grassy hills, swamps, forests, mountains', 'surface_water': '12', 'population': '4500000000'}","[{'title': 'The Phantom Menace', 'episode_id': 1, 'opening_crawl': 'Turmoil has engulfed the\r\nGalactic Republic. The taxation\r\nof trade routes to outlying star\r\nsystems is in dispute.\r\n\r\nHoping to resolve the matter\r\nwith a blockade of deadly\r\nbattleships, the greedy Trade\r\nFederation has stopped all\r\nshipping to the small planet\r\nof Naboo.\r\n\r\nWhile the Congress of the\r\nRepublic endlessly debates\r\nthis alarming chain of events,\r\nthe Supreme Chancellor has\r\nsecretly dispatched two Jedi\r\nKnights, the guardians of\r\npeace and justice in the\r\ngalaxy, to settle the conflict....', 'director': 'George Lucas', 'producer': 'Rick McCallum', 'release_date': '1999-05-19'}]","{'name': 'Gungan', 'classification': 'amphibian', 'designation': 'sentient', 'average_height': '190', 'skin_colors': 'brown, green', 'hair_colors': 'none', 'eye_colors': 'orange', 'average_lifespan': 'unknown', 'language': 'Gungan basic'}"
70,Saesee Tiin,188,unknown,none,pale,orange,unknown,male,"{'name': 'Iktotch', 'rotation_period': '22', 'orbital_period': '481', 'diameter': 'unknown', 'climate': 'arid, rocky, windy', 'gravity': '1', 'terrain': 'rocky', 'surface_water': 'unknown', 'population': 'unknown'}","[{'title': 'The Phantom Menace', 'episode_id': 1, 'opening_crawl': 'Turmoil has engulfed the\r\nGalactic Republic. The taxation\r\nof trade routes to outlying star\r\nsystems is in dispute.\r\n\r\nHoping to resolve the matter\r\nwith a blockade of deadly\r\nbattleships, the greedy Trade\r\nFederation has stopped all\r\nshipping to the small planet\r\nof Naboo.\r\n\r\nWhile the Congress of the\r\nRepublic endlessly debates\r\nthis alarming chain of events,\r\nthe Supreme Chancellor has\r\nsecretly dispatched two Jedi\r\nKnights, the guardians of\r\npeace and justice in the\r\ngalaxy, to settle the conflict....', 'director': 'George Lucas', 'producer': 'Rick McCallum', 'release_date': '1999-05-19'}, {'title': 'Revenge of the Sith', 'episode_id': 3, 'opening_crawl': 'War! The Republic is crumbling\r\nunder attacks by the ruthless\r\nSith Lord, Count Dooku.\r\nThere are heroes on both sides.\r\nEvil is everywhere.\r\n\r\nIn a stunning move, the\r\nfiendish droid leader, General\r\nGrievous, has swept into the\r\nRepublic capital and kidnapped\r\nChancellor Palpatine, leader of\r\nthe Galactic Senate.\r\n\r\nAs the Separatist Droid Army\r\nattempts to flee the besieged\r\ncapital with their valuable\r\nhostage, two Jedi Knights lead a\r\ndesperate mission to rescue the\r\ncaptive Chancellor....', 'director': 'George Lucas', 'producer': 'Rick McCallum', 'release_date': '2005-05-19'}]","{'name': 'Iktotchi', 'classification': 'unknown', 'designation': 'sentient', 'average_height': '180', 'skin_colors': 'pink', 'hair_colors': 'none', 'eye_colors': 'orange', 'average_lifespan': 'unknown', 'language': 'Iktotchese'}"
71,San Hill,191,unknown,none,grey,gold,unknown,male,"{'name': 'Muunilinst', 'rotation_period': '28', 'orbital_period': '412', 'diameter': '13800', 'climate': 'temperate', 'gravity': '1', 'terrain': 'plains, forests, hills, mountains', 'surface_water': '25', 'population': '5000000000'}","[{'title': 'Attack of the Clones', 'episode_id': 2, 'opening_crawl': 'There is unrest in the Galactic\r\nSenate. Several thousand solar\r\nsystems have declared their\r\nintentions to leave the Republic.\r\n\r\nThis separatist movement,\r\nunder the leadership of the\r\nmysterious Count Dooku, has\r\nmade it difficult for the limited\r\nnumber of Jedi Knights to maintain \r\npeace and order in the galaxy.\r\n\r\nSenator Amidala, the former\r\nQueen of Naboo, is returning\r\nto the Galactic Senate to vote\r\non the critical issue of creating\r\nan ARMY OF THE REPUBLIC\r\nto assist the overwhelmed\r\nJedi....', 'director': 'George Lucas', 'producer': 'Rick McCallum', 'release_date': '2002-05-16'}]","{'name': 'Muun', 'classification': 'mammal', 'designation': 'sentient', 'average_height': '190', 'skin_colors': 'grey, white', 'hair_colors': 'none', 'eye_colors': 'black', 'average_lifespan': '100', 'language': 'Muun'}"
72,Sebulba,112,40,none,"grey, red",orange,unknown,male,"{'name': 'Malastare', 'rotation_period': '26', 'orbital_period': '201', 'diameter': '18880', 'climate': 'arid, temperate, tropical', 'gravity': '1.56', 'terrain': 'swamps, deserts, jungles, mountains', 'surface_water': 'unknown', 'population': '2000000000'}","[{'title': 'The Phantom Menace', 'episode_id': 1, 'opening_crawl': 'Turmoil has engulfed the\r\nGalactic Republic. The taxation\r\nof trade routes to outlying star\r\nsystems is in dispute.\r\n\r\nHoping to resolve the matter\r\nwith a blockade of deadly\r\nbattleships, the greedy Trade\r\nFederation has stopped all\r\nshipping to the small planet\r\nof Naboo.\r\n\r\nWhile the Congress of the\r\nRepublic endlessly debates\r\nthis alarming chain of events,\r\nthe Supreme Chancellor has\r\nsecretly dispatched two Jedi\r\nKnights, the guardians of\r\npeace and justice in the\r\ngalaxy, to settle the conflict....', 'director': 'George Lucas', 'producer': 'Rick McCallum', 'release_date': '1999-05-19'}]","{'name': 'Dug', 'classification': 'mammal', 'designation': 'sentient', 'average_height': '100', 'skin_colors': 'brown, purple, grey, red', 'hair_colors': 'none', 'eye_colors': 'yellow, blue', 'average_lifespan': 'unknown', 'language': 'Dugese'}"
73,Shaak Ti,178,57,none,"red, blue, white",black,unknown,female,"{'name': 'Shili', 'rotation_period': 'unknown', 'orbital_period': 'unknown', 'diameter': 'unknown', 'climate': 'temperate', 'gravity': '1', 'terrain': 'cities, savannahs, seas, plains', 'surface_water': 'unknown', 'population': 'unknown'}","[{'title': 'Attack of the Clones', 'episode_id': 2, 'opening_crawl': 'There is unrest in the Galactic\r\nSenate. Several thousand solar\r\nsystems have declared their\r\nintentions to leave the Republic.\r\n\r\nThis separatist movement,\r\nunder the leadership of the\r\nmysterious Count Dooku, has\r\nmade it difficult for the limited\r\nnumber of Jedi Knights to maintain \r\npeace and order in the galaxy.\r\n\r\nSenator Amidala, the former\r\nQueen of Naboo, is returning\r\nto the Galactic Senate to vote\r\non the critical issue of creating\r\nan ARMY OF THE REPUBLIC\r\nto assist the overwhelmed\r\nJedi....', 'director': 'George Lucas', 'producer': 'Rick McCallum', 'release_date': '2002-05-16'}, {'title': 'Revenge of the Sith', 'episode_id': 3, 'opening_crawl': 'War! The Republic is crumbling\r\nunder attacks by the ruthless\r\nSith Lord, Count Dooku.\r\nThere are heroes on both sides.\r\nEvil is everywhere.\r\n\r\nIn a stunning move, the\r\nfiendish droid leader, General\r\nGrievous, has swept into the\r\nRepublic capital and kidnapped\r\nChancellor Palpatine, leader of\r\nthe Galactic Senate.\r\n\r\nAs the Separatist Droid Army\r\nattempts to flee the besieged\r\ncapital with their valuable\r\nhostage, two Jedi Knights lead a\r\ndesperate mission to rescue the\r\ncaptive Chancellor....', 'director': 'George Lucas', 'producer': 'Rick McCallum', 'release_date': '2005-05-19'}]","{'name': 'Togruta', 'classification': 'mammal', 'designation': 'sentient', 'average_height': '180', 'skin_colors': 'red, white, orange, yellow, green, blue', 'hair_colors': 'none', 'eye_colors': 'red, orange, yellow, green, blue, black', 'average_lifespan': '94', 'language': 'Togruti'}"
74,Shmi Skywalker,163,unknown,black,fair,brown,72BBY,female,"{'name': 'Tatooine', 'rotation_period': '23', 'orbital_period': '304', 'diameter': '10465', 'climate': 'arid', 'gravity': '1 standard', 'terrain': 'desert', 'surface_water': '1', 'population': '200000'}","[{'title': 'Attack of the Clones', 'episode_id': 2, 'opening_crawl': 'There is unrest in the Galactic\r\nSenate. Several thousand solar\r\nsystems have declared their\r\nintentions to leave the Republic.\r\n\r\nThis separatist movement,\r\nunder the leadership of the\r\nmysterious Count Dooku, has\r\nmade it difficult for the limited\r\nnumber of Jedi Knights to maintain \r\npeace and order in the galaxy.\r\n\r\nSenator Amidala, the former\r\nQueen of Naboo, is returning\r\nto the Galactic Senate to vote\r\non the critical issue of creating\r\nan ARMY OF THE REPUBLIC\r\nto assist the overwhelmed\r\nJedi....', 'director': 'George Lucas', 'producer': 'Rick McCallum', 'release_date': '2002-05-16'}, {'title': 'The Phantom Menace', 'episode_id': 1, 'opening_crawl': 'Turmoil has engulfed the\r\nGalactic Republic. The taxation\r\nof trade routes to outlying star\r\nsystems is in dispute.\r\n\r\nHoping to resolve the matter\r\nwith a blockade of deadly\r\nbattleships, the greedy Trade\r\nFederation has stopped all\r\nshipping to the small planet\r\nof Naboo.\r\n\r\nWhile the Congress of the\r\nRepublic endlessly debates\r\nthis alarming chain of events,\r\nthe Supreme Chancellor has\r\nsecretly dispatched two Jedi\r\nKnights, the guardians of\r\npeace and justice in the\r\ngalaxy, to settle the conflict....', 'director': 'George Lucas', 'producer': 'Rick McCallum', 'release_date': '1999-05-19'}]","{'name': 'Human', 'classification': 'mammal', 'designation': 'sentient', 'average_height': '180', 'skin_colors': 'caucasian, black, asian, hispanic', 'hair_colors': 'blonde, brown, black, red', 'eye_colors': 'brown, blue, green, hazel, grey, amber', 'average_lifespan': '120', 'language': 'Galactic Basic'}"
75,Sly Moore,178,48,none,pale,white,unknown,female,"{'name': 'Umbara', 'rotation_period': 'unknown', 'orbital_period': 'unknown', 'diameter': 'unknown', 'climate': 'unknown', 'gravity': 'unknown', 'terrain': 'unknown', 'surface_water': 'unknown', 'population': 'unknown'}","[{'title': 'Attack of the Clones', 'episode_id': 2, 'opening_crawl': 'There is unrest in the Galactic\r\nSenate. Several thousand solar\r\nsystems have declared their\r\nintentions to leave the Republic.\r\n\r\nThis separatist movement,\r\nunder the leadership of the\r\nmysterious Count Dooku, has\r\nmade it difficult for the limited\r\nnumber of Jedi Knights to maintain \r\npeace and order in the galaxy.\r\n\r\nSenator Amidala, the former\r\nQueen of Naboo, is returning\r\nto the Galactic Senate to vote\r\non the critical issue of creating\r\nan ARMY OF THE REPUBLIC\r\nto assist the overwhelmed\r\nJedi....', 'director': 'George Lucas', 'producer': 'Rick McCallum', 'release_date': '2002-05-16'}, {'title': 'Revenge of the Sith', 'episode_id': 3, 'opening_crawl': 'War! The Republic is crumbling\r\nunder attacks by the ruthless\r\nSith Lord, Count Dooku.\r\nThere are heroes on both sides.\r\nEvil is everywhere.\r\n\r\nIn a stunning move, the\r\nfiendish droid leader, General\r\nGrievous, has swept into the\r\nRepublic capital and kidnapped\r\nChancellor Palpatine, leader of\r\nthe Galactic Senate.\r\n\r\nAs the Separatist Droid Army\r\nattempts to flee the besieged\r\ncapital with their valuable\r\nhostage, two Jedi Knights lead a\r\ndesperate mission to rescue the\r\ncaptive Chancellor....', 'director': 'George Lucas', 'producer': 'Rick McCallum', 'release_date': '2005-05-19'}]",[]
76,Tarfful,234,136,brown,brown,blue,unknown,male,"{'name': 'Kashyyyk', 'rotation_period': '26', 'orbital_period': '381', 'diameter': '12765', 'climate': 'tropical', 'gravity': '1 standard', 'terrain': 'jungle, forests, lakes, rivers', 'surface_water': '60', 'population': '45000000'}","[{'title': 'Revenge of the Sith', 'episode_id': 3, 'opening_crawl': 'War! The Republic is crumbling\r\nunder attacks by the ruthless\r\nSith Lord, Count Dooku.\r\nThere are heroes on both sides.\r\nEvil is everywhere.\r\n\r\nIn a stunning move, the\r\nfiendish droid leader, General\r\nGrievous, has swept into the\r\nRepublic capital and kidnapped\r\nChancellor Palpatine, leader of\r\nthe Galactic Senate.\r\n\r\nAs the Separatist Droid Army\r\nattempts to flee the besieged\r\ncapital with their valuable\r\nhostage, two Jedi Knights lead a\r\ndesperate mission to rescue the\r\ncaptive Chancellor....', 'director': 'George Lucas', 'producer': 'Rick McCallum', 'release_date': '2005-05-19'}]","{'name': 'Wookiee', 'classification': 'mammal', 'designation': 'sentient', 'average_height': '210', 'skin_colors': 'gray', 'hair_colors': 'black, brown', 'eye_colors': 'blue, green, yellow, brown, golden, red', 'average_lifespan': '400', 'language': 'Shyriiwook'}"
77,Taun We,213,unknown,none,grey,black,unknown,female,"{'name': 'Kamino', 'rotation_period': '27', 'orbital_period': '463', 'diameter': '19720', 'climate': 'temperate', 'gravity': '1 standard', 'terrain': 'ocean', 'surface_water': '100', 'population': '1000000000'}","[{'title': 'Attack of the Clones', 'episode_id': 2, 'opening_crawl': 'There is unrest in the Galactic\r\nSenate. Several thousand solar\r\nsystems have declared their\r\nintentions to leave the Republic.\r\n\r\nThis separatist movement,\r\nunder the leadership of the\r\nmysterious Count Dooku, has\r\nmade it difficult for the limited\r\nnumber of Jedi Knights to maintain \r\npeace and order in the galaxy.\r\n\r\nSenator Amidala, the former\r\nQueen of Naboo, is returning\r\nto the Galactic Senate to vote\r\non the critical issue of creating\r\nan ARMY OF THE REPUBLIC\r\nto assist the overwhelmed\r\nJedi....', 'director': 'George Lucas', 'producer': 'Rick McCallum', 'release_date': '2002-05-16'}]","{'name': 'Kaminoan', 'classification': 'amphibian', 'designation': 'sentient', 'average_height': '220', 'skin_colors': 'grey, blue', 'hair_colors': 'none', 'eye_colors': 'black', 'average_lifespan': '80', 'language': 'Kaminoan'}"
78,Tion Medon,206,80,none,grey,black,unknown,male,"{'name': 'Utapau', 'rotation_period': '27', 'orbital_period': '351', 'diameter': '12900', 'climate': 'temperate, arid, windy', 'gravity': '1 standard', 'terrain': 'scrublands, savanna, canyons, sinkholes', 'surface_water': '0.9', 'population': '95000000'}","[{'title': 'Revenge of the Sith', 'episode_id': 3, 'opening_crawl': 'War! The Republic is crumbling\r\nunder attacks by the ruthless\r\nSith Lord, Count Dooku.\r\nThere are heroes on both sides.\r\nEvil is everywhere.\r\n\r\nIn a stunning move, the\r\nfiendish droid leader, General\r\nGrievous, has swept into the\r\nRepublic capital and kidnapped\r\nChancellor Palpatine, leader of\r\nthe Galactic Senate.\r\n\r\nAs the Separatist Droid Army\r\nattempts to flee the besieged\r\ncapital with their valuable\r\nhostage, two Jedi Knights lead a\r\ndesperate mission to rescue the\r\ncaptive Chancellor....', 'director': 'George Lucas', 'producer': 'Rick McCallum', 'release_date': '2005-05-19'}]","{'name': ""Pau'an"", 'classification': 'mammal', 'designation': 'sentient', 'average_height': '190', 'skin_colors': 'grey', 'hair_colors': 'none', 'eye_colors': 'black', 'average_lifespan': '700', 'language': 'Utapese'}"
79,Watto,137,unknown,black,"blue, grey",yellow,unknown,male,"{'name': 'Toydaria', 'rotation_period': '21', 'orbital_period': '184', 'diameter': '7900', 'climate': 'temperate', 'gravity': '1', 'terrain': 'swamps, lakes', 'surface_water': 'unknown', 'population': '11000000'}","[{'title': 'Attack of the Clones', 'episode_id': 2, 'opening_crawl': 'There is unrest in the Galactic\r\nSenate. Several thousand solar\r\nsystems have declared their\r\nintentions to leave the Republic.\r\n\r\nThis separatist movement,\r\nunder the leadership of the\r\nmysterious Count Dooku, has\r\nmade it difficult for the limited\r\nnumber of Jedi Knights to maintain \r\npeace and order in the galaxy.\r\n\r\nSenator Amidala, the former\r\nQueen of Naboo, is returning\r\nto the Galactic Senate to vote\r\non the critical issue of creating\r\nan ARMY OF THE REPUBLIC\r\nto assist the overwhelmed\r\nJedi....', 'director': 'George Lucas', 'producer': 'Rick McCallum', 'release_date': '2002-05-16'}, {'title': 'The Phantom Menace', 'episode_id': 1, 'opening_crawl': 'Turmoil has engulfed the\r\nGalactic Republic. The taxation\r\nof trade routes to outlying star\r\nsystems is in dispute.\r\n\r\nHoping to resolve the matter\r\nwith a blockade of deadly\r\nbattleships, the greedy Trade\r\nFederation has stopped all\r\nshipping to the small planet\r\nof Naboo.\r\n\r\nWhile the Congress of the\r\nRepublic endlessly debates\r\nthis alarming chain of events,\r\nthe Supreme Chancellor has\r\nsecretly dispatched two Jedi\r\nKnights, the guardians of\r\npeace and justice in the\r\ngalaxy, to settle the conflict....', 'director': 'George Lucas', 'producer': 'Rick McCallum', 'release_date': '1999-05-19'}]","{'name': 'Toydarian', 'classification': 'mammal', 'designation': 'sentient', 'average_height': '120', 'skin_colors': 'blue, green, grey', 'hair_colors': 'none', 'eye_colors': 'yellow', 'average_lifespan': '91', 'language': 'Toydarian'}"
80,Wat Tambor,193,48,none,"green, grey",unknown,unknown,male,"{'name': 'Skako', 'rotation_period': '27', 'orbital_period': '384', 'diameter': 'unknown', 'climate': 'temperate', 'gravity': '1', 'terrain': 'urban, vines', 'surface_water': 'unknown', 'population': '500000000000'}","[{'title': 'Attack of the Clones', 'episode_id': 2, 'opening_crawl': 'There is unrest in the Galactic\r\nSenate. Several thousand solar\r\nsystems have declared their\r\nintentions to leave the Republic.\r\n\r\nThis separatist movement,\r\nunder the leadership of the\r\nmysterious Count Dooku, has\r\nmade it difficult for the limited\r\nnumber of Jedi Knights to maintain \r\npeace and order in the galaxy.\r\n\r\nSenator Amidala, the former\r\nQueen of Naboo, is returning\r\nto the Galactic Senate to vote\r\non the critical issue of creating\r\nan ARMY OF THE REPUBLIC\r\nto assist the overwhelmed\r\nJedi....', 'director': 'George Lucas', 'producer': 'Rick McCallum', 'release_date': '2002-05-16'}]","{'name': 'Skakoan', 'classification': 'mammal', 'designation': 'sentient', 'average_height': 'unknown', 'skin_colors': 'grey, green', 'hair_colors': 'none', 'eye_colors': 'unknown', 'average_lifespan': 'unknown', 'language': 'Skakoan'}"
81,Wedge Antilles,170,77,brown,fair,hazel,21BBY,male,"{'name': 'Corellia', 'rotation_period': '25', 'orbital_period': '329', 'diameter': '11000', 'climate': 'temperate', 'gravity': '1 standard', 'terrain': 'plains, urban, hills, forests', 'surface_water': '70', 'population': '3000000000'}","[{'title': 'The Empire Strikes Back', 'episode_id': 5, 'opening_crawl': 'It is a dark time for the\r\nRebellion. Although the Death\r\nStar has been destroyed,\r\nImperial troops have driven the\r\nRebel forces from their hidden\r\nbase and pursued them across\r\nthe galaxy.\r\n\r\nEvading the dreaded Imperial\r\nStarfleet, a group of freedom\r\nfighters led by Luke Skywalker\r\nhas established a new secret\r\nbase on the remote ice world\r\nof Hoth.\r\n\r\nThe evil lord Darth Vader,\r\nobsessed with finding young\r\nSkywalker, has dispatched\r\nthousands of remote probes into\r\nthe far reaches of space....', 'director': 'Irvin Kershner', 'producer': 'Gary Kurtz, Rick McCallum', 'release_date': '1980-05-17'}, {'title': 'Return of the Jedi', 'episode_id': 6, 'opening_crawl': 'Luke Skywalker has returned to\r\nhis home planet of Tatooine in\r\nan attempt to rescue his\r\nfriend Han Solo from the\r\nclutches of the vile gangster\r\nJabba the Hutt.\r\n\r\nLittle does Luke know that the\r\nGALACTIC EMPIRE has secretly\r\nbegun construction on a new\r\narmored space station even\r\nmore powerful than the first\r\ndreaded Death Star.\r\n\r\nWhen completed, this ultimate\r\nweapon will spell certain doom\r\nfor the small band of rebels\r\nstruggling to restore freedom\r\nto the galaxy...', 'director': 'Richard Marquand', 'producer': 'Howard G. Kazanjian, George Lucas, Rick McCallum', 'release_date': '1983-05-25'}, {'title': 'A New Hope', 'episode_id': 4, 'opening_crawl': ""It is a period of civil war.\r\nRebel spaceships, striking\r\nfrom a hidden base, have won\r\ntheir first victory against\r\nthe evil Galactic Empire.\r\n\r\nDuring the battle, Rebel\r\nspies managed to steal secret\r\nplans to the Empire's\r\nultimate weapon, the DEATH\r\nSTAR, an armored space\r\nstation with enough power\r\nto destroy an entire planet.\r\n\r\nPursued by the Empire's\r\nsinister agents, Princess\r\nLeia races home aboard her\r\nstarship, custodian of the\r\nstolen plans that can save her\r\npeople and restore\r\nfreedom to the galaxy...."", 'director': 'George Lucas', 'producer': 'Gary Kurtz, Rick McCallum', 'release_date': '1977-05-25'}]","{'name': 'Human', 'classification': 'mammal', 'designation': 'sentient', 'average_height': '180', 'skin_colors': 'caucasian, black, asian, hispanic', 'hair_colors': 'blonde, brown, black, red', 'eye_colors': 'brown, blue, green, hazel, grey, amber', 'average_lifespan': '120', 'language': 'Galactic Basic'}"
82,Wicket Systri Warrick,88,20,brown,brown,brown,8BBY,male,"{'name': 'Endor', 'rotation_period': '18', 'orbital_period': '402', 'diameter': '4900', 'climate': 'temperate', 'gravity': '0.85 standard', 'terrain': 'forests, mountains, lakes', 'surface_water': '8', 'population': '30000000'}","[{'title': 'Return of the Jedi', 'episode_id': 6, 'opening_crawl': 'Luke Skywalker has returned to\r\nhis home planet of Tatooine in\r\nan attempt to rescue his\r\nfriend Han Solo from the\r\nclutches of the vile gangster\r\nJabba the Hutt.\r\n\r\nLittle does Luke know that the\r\nGALACTIC EMPIRE has secretly\r\nbegun construction on a new\r\narmored space station even\r\nmore powerful than the first\r\ndreaded Death Star.\r\n\r\nWhen completed, this ultimate\r\nweapon will spell certain doom\r\nfor the small band of rebels\r\nstruggling to restore freedom\r\nto the galaxy...', 'director': 'Richard Marquand', 'producer': 'Howard G. Kazanjian, George Lucas, Rick McCallum', 'release_date': '1983-05-25'}]","{'name': 'Ewok', 'classification': 'mammal', 'designation': 'sentient', 'average_height': '100', 'skin_colors': 'brown', 'hair_colors': 'white, brown, black', 'eye_colors': 'orange, brown', 'average_lifespan': 'unknown', 'language': 'Ewokese'}"
83,Wilhuff Tarkin,180,unknown,"auburn, grey",fair,blue,64BBY,male,"{'name': 'Eriadu', 'rotation_period': '24', 'orbital_period': '360', 'diameter': '13490', 'climate': 'polluted', 'gravity': '1 standard', 'terrain': 'cityscape', 'surface_water': 'unknown', 'population': '22000000000'}","[{'title': 'Revenge of the Sith', 'episode_id': 3, 'opening_crawl': 'War! The Republic is crumbling\r\nunder attacks by the ruthless\r\nSith Lord, Count Dooku.\r\nThere are heroes on both sides.\r\nEvil is everywhere.\r\n\r\nIn a stunning move, the\r\nfiendish droid leader, General\r\nGrievous, has swept into the\r\nRepublic capital and kidnapped\r\nChancellor Palpatine, leader of\r\nthe Galactic Senate.\r\n\r\nAs the Separatist Droid Army\r\nattempts to flee the besieged\r\ncapital with their valuable\r\nhostage, two Jedi Knights lead a\r\ndesperate mission to rescue the\r\ncaptive Chancellor....', 'director': 'George Lucas', 'producer': 'Rick McCallum', 'release_date': '2005-05-19'}, {'title': 'A New Hope', 'episode_id': 4, 'opening_crawl': ""It is a period of civil war.\r\nRebel spaceships, striking\r\nfrom a hidden base, have won\r\ntheir first victory against\r\nthe evil Galactic Empire.\r\n\r\nDuring the battle, Rebel\r\nspies managed to steal secret\r\nplans to the Empire's\r\nultimate weapon, the DEATH\r\nSTAR, an armored space\r\nstation with enough power\r\nto destroy an entire planet.\r\n\r\nPursued by the Empire's\r\nsinister agents, Princess\r\nLeia races home aboard her\r\nstarship, custodian of the\r\nstolen plans that can save her\r\npeople and restore\r\nfreedom to the galaxy...."", 'director': 'George Lucas', 'producer': 'Gary Kurtz, Rick McCallum', 'release_date': '1977-05-25'}]","{'name': 'Human', 'classification': 'mammal', 'designation': 'sentient', 'average_height': '180', 'skin_colors': 'caucasian, black, asian, hispanic', 'hair_colors': 'blonde, brown, black, red', 'eye_colors': 'brown, blue, green, hazel, grey, amber', 'average_lifespan': '120', 'language': 'Galactic Basic'}"
84,Yarael Poof,264,unknown,none,white,yellow,unknown,male,"{'name': 'Quermia', 'rotation_period': 'unknown', 'orbital_period': 'unknown', 'diameter': 'unknown', 'climate': 'unknown', 'gravity': 'unknown', 'terrain': 'unknown', 'surface_water': 'unknown', 'population': 'unknown'}","[{'title': 'The Phantom Menace', 'episode_id': 1, 'opening_crawl': 'Turmoil has engulfed the\r\nGalactic Republic. The taxation\r\nof trade routes to outlying star\r\nsystems is in dispute.\r\n\r\nHoping to resolve the matter\r\nwith a blockade of deadly\r\nbattleships, the greedy Trade\r\nFederation has stopped all\r\nshipping to the small planet\r\nof Naboo.\r\n\r\nWhile the Congress of the\r\nRepublic endlessly debates\r\nthis alarming chain of events,\r\nthe Supreme Chancellor has\r\nsecretly dispatched two Jedi\r\nKnights, the guardians of\r\npeace and justice in the\r\ngalaxy, to settle the conflict....', 'director': 'George Lucas', 'producer': 'Rick McCallum', 'release_date': '1999-05-19'}]","{'name': 'Quermian', 'classification': 'mammal', 'designation': 'sentient', 'average_height': '240', 'skin_colors': 'white', 'hair_colors': 'none', 'eye_colors': 'yellow', 'average_lifespan': '86', 'language': 'Quermian'}"
85,Yoda,66,17,white,green,brown,896BBY,male,"{'name': 'unknown', 'rotation_period': '0', 'orbital_period': '0', 'diameter': '0', 'climate': 'unknown', 'gravity': 'unknown', 'terrain': 'unknown', 'surface_water': 'unknown', 'population': 'unknown'}","[{'title': 'The Empire Strikes Back', 'episode_id': 5, 'opening_crawl': 'It is a dark time for the\r\nRebellion. Although the Death\r\nStar has been destroyed,\r\nImperial troops have driven the\r\nRebel forces from their hidden\r\nbase and pursued them across\r\nthe galaxy.\r\n\r\nEvading the dreaded Imperial\r\nStarfleet, a group of freedom\r\nfighters led by Luke Skywalker\r\nhas established a new secret\r\nbase on the remote ice world\r\nof Hoth.\r\n\r\nThe evil lord Darth Vader,\r\nobsessed with finding young\r\nSkywalker, has dispatched\r\nthousands of remote probes into\r\nthe far reaches of space....', 'director': 'Irvin Kershner', 'producer': 'Gary Kurtz, Rick McCallum', 'release_date': '1980-05-17'}, {'title': 'Attack of the Clones', 'episode_id': 2, 'opening_crawl': 'There is unrest in the Galactic\r\nSenate. Several thousand solar\r\nsystems have declared their\r\nintentions to leave the Republic.\r\n\r\nThis separatist movement,\r\nunder the leadership of the\r\nmysterious Count Dooku, has\r\nmade it difficult for the limited\r\nnumber of Jedi Knights to maintain \r\npeace and order in the galaxy.\r\n\r\nSenator Amidala, the former\r\nQueen of Naboo, is returning\r\nto the Galactic Senate to vote\r\non the critical issue of creating\r\nan ARMY OF THE REPUBLIC\r\nto assist the overwhelmed\r\nJedi....', 'director': 'George Lucas', 'producer': 'Rick McCallum', 'release_date': '2002-05-16'}, {'title': 'The Phantom Menace', 'episode_id': 1, 'opening_crawl': 'Turmoil has engulfed the\r\nGalactic Republic. The taxation\r\nof trade routes to outlying star\r\nsystems is in dispute.\r\n\r\nHoping to resolve the matter\r\nwith a blockade of deadly\r\nbattleships, the greedy Trade\r\nFederation has stopped all\r\nshipping to the small planet\r\nof Naboo.\r\n\r\nWhile the Congress of the\r\nRepublic endlessly debates\r\nthis alarming chain of events,\r\nthe Supreme Chancellor has\r\nsecretly dispatched two Jedi\r\nKnights, the guardians of\r\npeace and justice in the\r\ngalaxy, to settle the conflict....', 'director': 'George Lucas', 'producer': 'Rick McCallum', 'release_date': '1999-05-19'}, {'title': 'Revenge of the Sith', 'episode_id': 3, 'opening_crawl': 'War! The Republic is crumbling\r\nunder attacks by the ruthless\r\nSith Lord, Count Dooku.\r\nThere are heroes on both sides.\r\nEvil is everywhere.\r\n\r\nIn a stunning move, the\r\nfiendish droid leader, General\r\nGrievous, has swept into the\r\nRepublic capital and kidnapped\r\nChancellor Palpatine, leader of\r\nthe Galactic Senate.\r\n\r\nAs the Separatist Droid Army\r\nattempts to flee the besieged\r\ncapital with their valuable\r\nhostage, two Jedi Knights lead a\r\ndesperate mission to rescue the\r\ncaptive Chancellor....', 'director': 'George Lucas', 'producer': 'Rick McCallum', 'release_date': '2005-05-19'}, {'title': 'Return of the Jedi', 'episode_id': 6, 'opening_crawl': 'Luke Skywalker has returned to\r\nhis home planet of Tatooine in\r\nan attempt to rescue his\r\nfriend Han Solo from the\r\nclutches of the vile gangster\r\nJabba the Hutt.\r\n\r\nLittle does Luke know that the\r\nGALACTIC EMPIRE has secretly\r\nbegun construction on a new\r\narmored space station even\r\nmore powerful than the first\r\ndreaded Death Star.\r\n\r\nWhen completed, this ultimate\r\nweapon will spell certain doom\r\nfor the small band of rebels\r\nstruggling to restore freedom\r\nto the galaxy...', 'director': 'Richard Marquand', 'producer': 'Howard G. Kazanjian, George Lucas, Rick McCallum', 'release_date': '1983-05-25'}]","{'name': ""Yoda's species"", 'classification': 'mammal', 'designation': 'sentient', 'average_height': '66', 'skin_colors': 'green, yellow', 'hair_colors': 'brown, white', 'eye_colors': 'brown, green, yellow', 'average_lifespan': '900', 'language': 'Galactic basic'}"
86,Zam Wesell,168,55,blonde,"fair, green, yellow",yellow,unknown,female,"{'name': 'Zolan', 'rotation_period': 'unknown', 'orbital_period': 'unknown', 'diameter': 'unknown', 'climate': 'unknown', 'gravity': 'unknown', 'terrain': 'unknown', 'surface_water': 'unknown', 'population': 'unknown'}","[{'title': 'Attack of the Clones', 'episode_id': 2, 'opening_crawl': 'There is unrest in the Galactic\r\nSenate. Several thousand solar\r\nsystems have declared their\r\nintentions to leave the Republic.\r\n\r\nThis separatist movement,\r\nunder the leadership of the\r\nmysterious Count Dooku, has\r\nmade it difficult for the limited\r\nnumber of Jedi Knights to maintain \r\npeace and order in the galaxy.\r\n\r\nSenator Amidala, the former\r\nQueen of Naboo, is returning\r\nto the Galactic Senate to vote\r\non the critical issue of creating\r\nan ARMY OF THE REPUBLIC\r\nto assist the overwhelmed\r\nJedi....', 'director': 'George Lucas', 'producer': 'Rick McCallum', 'release_date': '2002-05-16'}]","{'name': 'Clawdite', 'classification': 'reptilian', 'designation': 'sentient', 'average_height': '180', 'skin_colors': 'green, yellow', 'hair_colors': 'none', 'eye_colors': 'yellow', 'average_lifespan': '70', 'language': 'Clawdite'}"
